romA,addressA,romB,addressB,certainty,author,note,enabled
USA,0x55e6d,DEMO,0x55dc5,5,octorock,Pointer at USA 0x104,True
USA,0x55e6d,JP,0x55cf1,5,octorock,Pointer at USA 0x104,True
USA,0x7d46d,DEMO,0x7d081,5,octorock,Pointer at USA 0x140,True
USA,0x7d46d,JP,0x7d2a9,5,octorock,Pointer at USA 0x140,True
USA,0x7d281,DEMO,0x7ce95,5,octorock,Pointer at USA 0x13c,True
USA,0x7d281,JP,0x7d0bd,5,octorock,Pointer at USA 0x13c,True
USA,0x7d6d9,DEMO,0x7d2ed,5,octorock,Pointer at USA 0x144,False
USA,0x7d6d9,JP,0x7d515,5,octorock,Pointer at USA 0x144,False
USA,0xb7910,DEMO,0xb7494,5,octorock,Pointer at USA 0x210,True
USA,0xb7910,JP,0xb76b0,5,octorock,Pointer at USA 0x210,True
USA,0xb79a7,DEMO,0xb752b,5,octorock,Pointer at USA 0x214,False
USA,0xb79a7,JP,0xb7747,5,octorock,Pointer at USA 0x214,False
USA,0xb37a0,DEMO,0xb3324,5,octorock,Pointer at USA 0x218,True
USA,0xb37a0,JP,0xb3540,5,octorock,Pointer at USA 0x218,True
USA,0xb3e80,DEMO,0xb3a04,5,octorock,Pointer at USA 0x21c,False
USA,0xb3e80,JP,0xb3c20,5,octorock,Pointer at USA 0x21c,False
USA,0xd3bf8,DEMO,0xd377c,5,octorock,Pointer at USA 0x1358,False
USA,0xd3bf8,JP,0xd3998,5,octorock,Pointer at USA 0x1358,False
USA,0xaf18d,DEMO,0xaf10d,5,octorock,Pointer at USA 0x1370,True
USA,0xaf18d,JP,0xaef2d,5,octorock,Pointer at USA 0x1370,True
USA,0xaf1bd,DEMO,0xaf13d,5,octorock,Pointer at USA 0x1374,False
USA,0xaf1bd,JP,0xaef5d,5,octorock,Pointer at USA 0x1374,False
USA,0xc9160,DEMO,0xc8ce4,5,octorock,Pointer at USA 0x2978,False
USA,0xc9160,JP,0xc8f00,5,octorock,Pointer at USA 0x2978,False
USA,0xc91e0,DEMO,0xc8d64,5,octorock,Pointer at USA 0x297c,False
USA,0xc91e0,JP,0xc8f80,5,octorock,Pointer at USA 0x297c,False
USA,0x114f98,DEMO,0x114b1c,5,octorock,Pointer at USA 0x29c8,False
USA,0x114f98,JP,0x114c5c,5,octorock,Pointer at USA 0x29c8,True
USA,0x13ae14,DEMO,0x13b844,5,octorock,Pointer at USA 0x29cc,True
USA,0x13ae14,JP,0x13aa40,5,octorock,Pointer at USA 0x29cc,True
USA,0x11538c,DEMO,0x114f10,5,octorock,Pointer at USA 0x29d8,False
USA,0x11538c,JP,0x115050,5,octorock,Pointer at USA 0x29d8,False
USA,0x115724,DEMO,0x1152a8,5,octorock,Pointer at USA 0x29e8,False
USA,0x115724,JP,0x1153e8,5,octorock,Pointer at USA 0x29e8,False
USA,0x115af8,DEMO,0x11567c,5,octorock,Pointer at USA 0x29f8,False
USA,0x115af8,JP,0x1157bc,5,octorock,Pointer at USA 0x29f8,False
USA,0x115e9c,DEMO,0x115a20,5,octorock,Pointer at USA 0x2a08,False
USA,0x115e9c,JP,0x115b60,5,octorock,Pointer at USA 0x2a08,False
USA,0x116280,DEMO,0x115e04,5,octorock,Pointer at USA 0x2a18,False
USA,0x116280,JP,0x115f44,5,octorock,Pointer at USA 0x2a18,False
USA,0x116530,DEMO,0x1160b4,5,octorock,Pointer at USA 0x2a28,False
USA,0x116530,JP,0x1161f4,5,octorock,Pointer at USA 0x2a28,False
USA,0x116888,DEMO,0x11640c,5,octorock,Pointer at USA 0x2a38,False
USA,0x116888,JP,0x11654c,5,octorock,Pointer at USA 0x2a38,False
USA,0x116a9c,DEMO,0x116620,5,octorock,Pointer at USA 0x2a48,False
USA,0x116a9c,JP,0x116760,5,octorock,Pointer at USA 0x2a48,False
USA,0x11f018,DEMO,0x11fa24,5,octorock,Pointer at USA 0x2a54,True
USA,0x11f018,JP,0x11ecdc,5,octorock,Pointer at USA 0x2a54,True
USA,0x11f590,DEMO,0x11ff9c,5,octorock,Pointer at USA 0x2a64,False
USA,0x11f590,JP,0x11f254,5,octorock,Pointer at USA 0x2a64,False
USA,0x116d0c,DEMO,0x116890,5,octorock,Pointer at USA 0x2a58,False
USA,0x116d0c,JP,0x1169d0,5,octorock,Pointer at USA 0x2a58,False
USA,0x116dd4,DEMO,0x116958,5,octorock,Pointer at USA 0x2a68,False
USA,0x116dd4,JP,0x116a98,5,octorock,Pointer at USA 0x2a68,False
USA,0x1c8c74,DEMO,0x1c96a4,5,octorock,Pointer at USA 0x2a9c,False
USA,0x1c8c74,JP,0x1c88a0,5,octorock,Pointer at USA 0x2a9c,False
USA,0x116f64,DEMO,0x116ae8,5,octorock,Pointer at USA 0x2a78,False
USA,0x116f64,JP,0x116c28,5,octorock,Pointer at USA 0x2a78,False
USA,0x117208,DEMO,0x116d8c,5,octorock,Pointer at USA 0x2a88,False
USA,0x117208,JP,0x116ecc,5,octorock,Pointer at USA 0x2a88,False
USA,0x117240,DEMO,0x116dc4,5,octorock,Pointer at USA 0x2a98,False
USA,0x117240,JP,0x116f04,5,octorock,Pointer at USA 0x2a98,False
USA,0x1175dc,DEMO,0x117160,5,octorock,Pointer at USA 0x2aa8,False
USA,0x1175dc,JP,0x1172a0,5,octorock,Pointer at USA 0x2aa8,False
USA,0x1178b0,DEMO,0x117434,5,octorock,Pointer at USA 0x2ab8,False
USA,0x1178b0,JP,0x117574,5,octorock,Pointer at USA 0x2ab8,False
USA,0x117b84,DEMO,0x117708,5,octorock,Pointer at USA 0x2ac8,False
USA,0x117b84,JP,0x117848,5,octorock,Pointer at USA 0x2ac8,False
USA,0x117d64,DEMO,0x1178e8,5,octorock,Pointer at USA 0x2ad8,False
USA,0x117d64,JP,0x117a28,5,octorock,Pointer at USA 0x2ad8,False
USA,0x117e40,DEMO,0x1179c4,5,octorock,Pointer at USA 0x2ae8,False
USA,0x117e40,JP,0x117b04,5,octorock,Pointer at USA 0x2ae8,False
USA,0x117f68,DEMO,0x117aec,5,octorock,Pointer at USA 0x2af8,False
USA,0x117f68,JP,0x117c2c,5,octorock,Pointer at USA 0x2af8,False
USA,0x117fd4,DEMO,0x117b58,5,octorock,Pointer at USA 0x2b08,False
USA,0x117fd4,JP,0x117c98,5,octorock,Pointer at USA 0x2b08,False
USA,0x1d7674,DEMO,0x1d80a4,5,octorock,Pointer at USA 0x2b2c,False
USA,0x1d7674,JP,0x1d72a0,5,octorock,Pointer at USA 0x2b2c,False
USA,0x1181b4,DEMO,0x117d38,5,octorock,Pointer at USA 0x2b18,False
USA,0x1181b4,JP,0x117e78,5,octorock,Pointer at USA 0x2b18,False
USA,0x132810,DEMO,0x133260,5,octorock,Pointer at USA 0x2b28,True
USA,0x132810,JP,0x13243c,5,octorock,Pointer at USA 0x2b28,True
USA,0x1327dc,DEMO,0x13322c,5,octorock,Pointer at USA 0x2b24,True
USA,0x1327dc,JP,0x132408,5,octorock,Pointer at USA 0x2b24,True
DEMO,0x109704,USA,0x109b80,5,octorock,Pointer at DEMO 0x2b34,False
DEMO,0x109704,JP,0x109844,5,octorock,Pointer at DEMO 0x2b34,True
DEMO,0x117d68,USA,0x1181e4,5,octorock,Pointer at DEMO 0x2b38,False
DEMO,0x117d68,JP,0x117ea8,5,octorock,Pointer at DEMO 0x2b38,False
DEMO,0x1ffbe4,USA,0x1ff1b4,5,octorock,Pointer at DEMO 0x2c2c,False
DEMO,0x1ffbe4,JP,0x1fede0,5,octorock,Pointer at DEMO 0x2c2c,False
DEMO,0x247f04,USA,0x2474d4,5,octorock,Pointer at DEMO 0x2fdc,False
DEMO,0x247f04,JP,0x247100,5,octorock,Pointer at DEMO 0x2fdc,False
DEMO,0x1097e4,USA,0x109c60,5,octorock,Pointer at DEMO 0x2b44,False
DEMO,0x1097e4,JP,0x109924,5,octorock,Pointer at DEMO 0x2b44,False
DEMO,0x111118,USA,0x111594,5,octorock,Pointer at DEMO 0x2b54,False
DEMO,0x111118,JP,0x111258,5,octorock,Pointer at DEMO 0x2b54,False
DEMO,0x11106c,USA,0x1114e8,5,octorock,Pointer at DEMO 0x2b64,False
DEMO,0x11106c,JP,0x1111ac,5,octorock,Pointer at DEMO 0x2b64,False
DEMO,0x112898,USA,0x112d14,5,octorock,Pointer at DEMO 0x2b84,False
DEMO,0x112898,JP,0x1129d8,5,octorock,Pointer at DEMO 0x2b84,False
DEMO,0x117dbc,USA,0x118238,5,octorock,Pointer at DEMO 0x2b48,False
DEMO,0x117dbc,JP,0x117efc,5,octorock,Pointer at DEMO 0x2b48,False
DEMO,0x117de8,USA,0x118264,5,octorock,Pointer at DEMO 0x2b58,False
DEMO,0x117de8,JP,0x117f28,5,octorock,Pointer at DEMO 0x2b58,False
DEMO,0x117e1c,USA,0x118298,5,octorock,Pointer at DEMO 0x2b68,False
DEMO,0x117e1c,JP,0x117f5c,5,octorock,Pointer at DEMO 0x2b68,False
DEMO,0x117f1c,USA,0x118398,5,octorock,Pointer at DEMO 0x2b78,False
DEMO,0x117f1c,JP,0x11805c,5,octorock,Pointer at DEMO 0x2b78,False
DEMO,0x117f40,USA,0x1183bc,5,octorock,Pointer at DEMO 0x2b88,False
DEMO,0x117f40,JP,0x118080,5,octorock,Pointer at DEMO 0x2b88,False
DEMO,0x117ff0,USA,0x11846c,5,octorock,Pointer at DEMO 0x2b98,False
DEMO,0x117ff0,JP,0x118130,5,octorock,Pointer at DEMO 0x2b98,False
DEMO,0x11802c,USA,0x1184a8,5,octorock,Pointer at DEMO 0x2ba8,False
DEMO,0x11802c,JP,0x11816c,5,octorock,Pointer at DEMO 0x2ba8,False
DEMO,0x1180dc,USA,0x118558,5,octorock,Pointer at DEMO 0x2bb8,False
DEMO,0x1180dc,JP,0x11821c,5,octorock,Pointer at DEMO 0x2bb8,False
DEMO,0x1182a4,USA,0x118720,5,octorock,Pointer at DEMO 0x2bc8,False
DEMO,0x1182a4,JP,0x1183e4,5,octorock,Pointer at DEMO 0x2bc8,False
DEMO,0x1182ec,USA,0x118768,5,octorock,Pointer at DEMO 0x2bd8,False
DEMO,0x1182ec,JP,0x11842c,5,octorock,Pointer at DEMO 0x2bd8,False
DEMO,0x118304,USA,0x118780,5,octorock,Pointer at DEMO 0x2be8,False
DEMO,0x118304,JP,0x118444,5,octorock,Pointer at DEMO 0x2be8,False
DEMO,0x11830c,USA,0x118788,5,octorock,Pointer at DEMO 0x2bf8,False
DEMO,0x11830c,JP,0x11844c,5,octorock,Pointer at DEMO 0x2bf8,False
DEMO,0x118318,USA,0x118794,5,octorock,Pointer at DEMO 0x2c08,False
DEMO,0x118318,JP,0x118458,5,octorock,Pointer at DEMO 0x2c08,False
DEMO,0x118444,USA,0x1188c0,5,octorock,Pointer at DEMO 0x2c18,False
DEMO,0x118444,JP,0x118584,5,octorock,Pointer at DEMO 0x2c18,False
DEMO,0x1184cc,USA,0x118948,5,octorock,Pointer at DEMO 0x2c28,False
DEMO,0x1184cc,JP,0x11860c,5,octorock,Pointer at DEMO 0x2c28,False
DEMO,0x1184e4,USA,0x118960,5,octorock,Pointer at DEMO 0x2c38,False
DEMO,0x1184e4,JP,0x118624,5,octorock,Pointer at DEMO 0x2c38,False
DEMO,0x1184f8,USA,0x118974,5,octorock,Pointer at DEMO 0x2c48,False
DEMO,0x1184f8,JP,0x118638,5,octorock,Pointer at DEMO 0x2c48,False
USA,0x112dec,DEMO,0x112970,5,octorock,Pointer at USA 0x2b94,False
USA,0x112dec,JP,0x112ab0,5,octorock,Pointer at USA 0x2b94,False
USA,0x10a5b8,DEMO,0x10a13c,5,octorock,Pointer at USA 0x2ba4,False
USA,0x10a5b8,JP,0x10a27c,5,octorock,Pointer at USA 0x2ba4,False
USA,0x110b04,DEMO,0x110688,5,octorock,Pointer at USA 0x2bb4,False
USA,0x110b04,JP,0x1107c8,5,octorock,Pointer at USA 0x2bb4,False
USA,0x122c90,DEMO,0x12369c,5,octorock,Pointer at USA 0x2bc4,False
USA,0x122c90,JP,0x122954,5,octorock,Pointer at USA 0x2bc4,False
USA,0x122ce4,DEMO,0x1236f0,5,octorock,Pointer at USA 0x2bd4,False
USA,0x122ce4,JP,0x1229a8,5,octorock,Pointer at USA 0x2bd4,False
USA,0x122d04,DEMO,0x123710,5,octorock,Pointer at USA 0x2be4,False
USA,0x122d04,JP,0x1229c8,5,octorock,Pointer at USA 0x2be4,False
USA,0x122cbc,DEMO,0x1236c8,5,octorock,Pointer at USA 0x2bf4,False
USA,0x122cbc,JP,0x122980,5,octorock,Pointer at USA 0x2bf4,False
USA,0x10c7b4,DEMO,0x10c338,5,octorock,Pointer at USA 0x2c04,False
USA,0x10c7b4,JP,0x10c478,5,octorock,Pointer at USA 0x2c04,False
USA,0x12308c,DEMO,0x123a98,5,octorock,Pointer at USA 0x2c14,False
USA,0x12308c,JP,0x122d50,5,octorock,Pointer at USA 0x2c14,False
USA,0x10f98c,DEMO,0x10f510,5,octorock,Pointer at USA 0x2c24,False
USA,0x10f98c,JP,0x10f650,5,octorock,Pointer at USA 0x2c24,False
USA,0x10f9d0,DEMO,0x10f554,5,octorock,Pointer at USA 0x2c34,False
USA,0x10f9d0,JP,0x10f694,5,octorock,Pointer at USA 0x2c34,False
USA,0x10fa14,DEMO,0x10f598,5,octorock,Pointer at USA 0x2c44,False
USA,0x10fa14,JP,0x10f6d8,5,octorock,Pointer at USA 0x2c44,False
USA,0x10b4ec,DEMO,0x10b070,5,octorock,Pointer at USA 0x2c54,False
USA,0x10b4ec,JP,0x10b1b0,5,octorock,Pointer at USA 0x2c54,False
USA,0x118988,DEMO,0x11850c,5,octorock,Pointer at USA 0x2c58,False
USA,0x118988,JP,0x11864c,5,octorock,Pointer at USA 0x2c58,False
USA,0x2d4894,DEMO,0x2d52c4,5,octorock,Pointer at USA 0x31ac,False
USA,0x2d4894,JP,0x2d44c0,5,octorock,Pointer at USA 0x31ac,False
USA,0x10f814,DEMO,0x10f398,5,octorock,Pointer at USA 0x2c64,False
USA,0x10f814,JP,0x10f4d8,5,octorock,Pointer at USA 0x2c64,False
USA,0x118c00,DEMO,0x118784,5,octorock,Pointer at USA 0x2c68,False
USA,0x118c00,JP,0x1188c4,5,octorock,Pointer at USA 0x2c68,False
USA,0x110608,DEMO,0x11018c,5,octorock,Pointer at USA 0x2c74,False
USA,0x110608,JP,0x1102cc,5,octorock,Pointer at USA 0x2c74,False
USA,0x1106a8,DEMO,0x11022c,5,octorock,Pointer at USA 0x2c84,False
USA,0x1106a8,JP,0x11036c,5,octorock,Pointer at USA 0x2c84,False
USA,0x110710,DEMO,0x110294,5,octorock,Pointer at USA 0x2c94,False
USA,0x110710,JP,0x1103d4,5,octorock,Pointer at USA 0x2c94,False
USA,0x10f944,DEMO,0x10f4c8,5,octorock,Pointer at USA 0x2ca4,False
USA,0x10f944,JP,0x10f608,5,octorock,Pointer at USA 0x2ca4,False
USA,0x10fd6c,DEMO,0x10f8f0,5,octorock,Pointer at USA 0x2cb4,False
USA,0x10fd6c,JP,0x10fa30,5,octorock,Pointer at USA 0x2cb4,False
USA,0x10ca6c,DEMO,0x10c5f0,5,octorock,Pointer at USA 0x2cc4,False
USA,0x10ca6c,JP,0x10c730,5,octorock,Pointer at USA 0x2cc4,False
USA,0x10cb54,DEMO,0x10c6d8,5,octorock,Pointer at USA 0x2cd4,False
USA,0x10cb54,JP,0x10c818,5,octorock,Pointer at USA 0x2cd4,False
USA,0x10cf20,DEMO,0x10caa4,5,octorock,Pointer at USA 0x2ce4,False
USA,0x10cf20,JP,0x10cbe4,5,octorock,Pointer at USA 0x2ce4,False
USA,0x10abf8,DEMO,0x10a77c,5,octorock,Pointer at USA 0x2cf4,False
USA,0x10abf8,JP,0x10a8bc,5,octorock,Pointer at USA 0x2cf4,False
USA,0x110028,DEMO,0x10fbac,5,octorock,Pointer at USA 0x2d04,False
USA,0x110028,JP,0x10fcec,5,octorock,Pointer at USA 0x2d04,False
USA,0x1100e4,DEMO,0x10fc68,5,octorock,Pointer at USA 0x2d14,False
USA,0x1100e4,JP,0x10fda8,5,octorock,Pointer at USA 0x2d14,False
USA,0x110138,DEMO,0x10fcbc,5,octorock,Pointer at USA 0x2d24,False
USA,0x110138,JP,0x10fdfc,5,octorock,Pointer at USA 0x2d24,False
USA,0x110484,DEMO,0x110008,5,octorock,Pointer at USA 0x2d34,False
USA,0x110484,JP,0x110148,5,octorock,Pointer at USA 0x2d34,False
USA,0x10bd58,DEMO,0x10b8dc,5,octorock,Pointer at USA 0x2d44,False
USA,0x10bd58,JP,0x10ba1c,5,octorock,Pointer at USA 0x2d44,False
USA,0x10c1e4,DEMO,0x10bd68,5,octorock,Pointer at USA 0x2d64,False
USA,0x10c1e4,JP,0x10bea8,5,octorock,Pointer at USA 0x2d64,False
USA,0x10c868,DEMO,0x10c3ec,5,octorock,Pointer at USA 0x2d74,False
USA,0x10c868,JP,0x10c52c,5,octorock,Pointer at USA 0x2d74,False
USA,0x10cdd4,DEMO,0x10c958,5,octorock,Pointer at USA 0x2d84,False
USA,0x10cdd4,JP,0x10ca98,5,octorock,Pointer at USA 0x2d84,False
USA,0x110c84,DEMO,0x110808,5,octorock,Pointer at USA 0x2d94,False
USA,0x110c84,JP,0x110948,5,octorock,Pointer at USA 0x2d94,False
USA,0x110dc8,DEMO,0x11094c,5,octorock,Pointer at USA 0x2da4,False
USA,0x110dc8,JP,0x110a8c,5,octorock,Pointer at USA 0x2da4,False
USA,0x111d34,DEMO,0x1118b8,5,octorock,Pointer at USA 0x2db4,False
USA,0x111d34,JP,0x1119f8,5,octorock,Pointer at USA 0x2db4,False
USA,0x11125c,DEMO,0x110de0,5,octorock,Pointer at USA 0x2dc4,False
USA,0x11125c,JP,0x110f20,5,octorock,Pointer at USA 0x2dc4,False
USA,0x11125c,DEMO,0x110de0,5,octorock,Pointer at USA 0x2dd4,False
USA,0x11125c,JP,0x110f20,5,octorock,Pointer at USA 0x2dd4,False
USA,0x112100,DEMO,0x111c84,5,octorock,Pointer at USA 0x2de4,False
USA,0x112100,JP,0x111dc4,5,octorock,Pointer at USA 0x2de4,False
USA,0x112100,DEMO,0x111c84,5,octorock,Pointer at USA 0x2df4,False
USA,0x112100,JP,0x111dc4,5,octorock,Pointer at USA 0x2df4,False
USA,0x112100,DEMO,0x111c84,5,octorock,Pointer at USA 0x2e04,False
USA,0x112100,JP,0x111dc4,5,octorock,Pointer at USA 0x2e04,False
USA,0x11222c,DEMO,0x111db0,5,octorock,Pointer at USA 0x2e14,False
USA,0x11222c,JP,0x111ef0,5,octorock,Pointer at USA 0x2e14,False
USA,0x112f34,DEMO,0x112ab8,5,octorock,Pointer at USA 0x2e24,False
USA,0x112f34,JP,0x112bf8,5,octorock,Pointer at USA 0x2e24,False
USA,0x11319c,DEMO,0x112d20,5,octorock,Pointer at USA 0x2e34,False
USA,0x11319c,JP,0x112e60,5,octorock,Pointer at USA 0x2e34,False
USA,0x113214,DEMO,0x112d98,5,octorock,Pointer at USA 0x2e44,False
USA,0x113214,JP,0x112ed8,5,octorock,Pointer at USA 0x2e44,False
USA,0x113380,DEMO,0x112f04,5,octorock,Pointer at USA 0x2e54,False
USA,0x113380,JP,0x113044,5,octorock,Pointer at USA 0x2e54,False
USA,0x113508,DEMO,0x11308c,5,octorock,Pointer at USA 0x2e64,False
USA,0x113508,JP,0x1131cc,5,octorock,Pointer at USA 0x2e64,False
USA,0x1136b0,DEMO,0x113234,5,octorock,Pointer at USA 0x2e84,False
USA,0x1136b0,JP,0x113374,5,octorock,Pointer at USA 0x2e84,False
USA,0x1135e8,DEMO,0x11316c,5,octorock,Pointer at USA 0x2e74,False
USA,0x1135e8,JP,0x1132ac,5,octorock,Pointer at USA 0x2e74,False
USA,0x1138b8,DEMO,0x11343c,5,octorock,Pointer at USA 0x2e94,False
USA,0x1138b8,JP,0x11357c,5,octorock,Pointer at USA 0x2e94,False
USA,0x113a08,DEMO,0x11358c,5,octorock,Pointer at USA 0x2ea4,False
USA,0x113a08,JP,0x1136cc,5,octorock,Pointer at USA 0x2ea4,False
USA,0x113a08,DEMO,0x11358c,5,octorock,Pointer at USA 0x2eb4,False
USA,0x113a08,JP,0x1136cc,5,octorock,Pointer at USA 0x2eb4,False
USA,0x113b98,DEMO,0x11371c,5,octorock,Pointer at USA 0x2ec4,False
USA,0x113b98,JP,0x11385c,5,octorock,Pointer at USA 0x2ec4,False
USA,0x113c14,DEMO,0x113798,5,octorock,Pointer at USA 0x2ed4,False
USA,0x113c14,JP,0x1138d8,5,octorock,Pointer at USA 0x2ed4,False
USA,0x113c58,DEMO,0x1137dc,5,octorock,Pointer at USA 0x2ee4,False
USA,0x113c58,JP,0x11391c,5,octorock,Pointer at USA 0x2ee4,False
USA,0x113cd4,DEMO,0x113858,5,octorock,Pointer at USA 0x2ef4,False
USA,0x113cd4,JP,0x113998,5,octorock,Pointer at USA 0x2ef4,False
USA,0x113d1c,DEMO,0x1138a0,5,octorock,Pointer at USA 0x2f04,False
USA,0x113d1c,JP,0x1139e0,5,octorock,Pointer at USA 0x2f04,False
USA,0x113d60,DEMO,0x1138e4,5,octorock,Pointer at USA 0x2f14,False
USA,0x113d60,JP,0x113a24,5,octorock,Pointer at USA 0x2f14,False
USA,0x114098,DEMO,0x113c1c,5,octorock,Pointer at USA 0x2f24,False
USA,0x114098,JP,0x113d5c,5,octorock,Pointer at USA 0x2f24,False
USA,0x11033c,DEMO,0x10fec0,5,octorock,Pointer at USA 0x2f34,False
USA,0x11033c,JP,0x110000,5,octorock,Pointer at USA 0x2f34,False
USA,0x114580,DEMO,0x114104,5,octorock,Pointer at USA 0x2f44,False
USA,0x114580,JP,0x114244,5,octorock,Pointer at USA 0x2f44,False
USA,0x111a2c,DEMO,0x1115b0,5,octorock,Pointer at USA 0x2f54,False
USA,0x111a2c,JP,0x1116f0,5,octorock,Pointer at USA 0x2f54,False
USA,0x111c18,DEMO,0x11179c,5,octorock,Pointer at USA 0x2f64,False
USA,0x111c18,JP,0x1118dc,5,octorock,Pointer at USA 0x2f64,False
USA,0x111c18,DEMO,0x11179c,5,octorock,Pointer at USA 0x2f74,False
USA,0x111c18,JP,0x1118dc,5,octorock,Pointer at USA 0x2f74,False
USA,0x111b60,DEMO,0x1116e4,5,octorock,Pointer at USA 0x2f84,False
USA,0x111b60,JP,0x111824,5,octorock,Pointer at USA 0x2f84,False
USA,0x110eac,DEMO,0x110a30,5,octorock,Pointer at USA 0x2f94,False
USA,0x110eac,JP,0x110b70,5,octorock,Pointer at USA 0x2f94,False
USA,0x114228,DEMO,0x113dac,5,octorock,Pointer at USA 0x2fa4,False
USA,0x114228,JP,0x113eec,5,octorock,Pointer at USA 0x2fa4,False
USA,0x12311c,DEMO,0x123b28,5,octorock,Pointer at USA 0x2fb4,False
USA,0x12311c,JP,0x122de0,5,octorock,Pointer at USA 0x2fb4,False
USA,0xcb438,DEMO,0xcafbc,5,octorock,Pointer at USA 0x2fd4,False
USA,0xcb438,JP,0xcb1d8,5,octorock,Pointer at USA 0x2fd4,False
USA,0xcb4fc,DEMO,0xcb080,5,octorock,Pointer at USA 0x2fe4,False
USA,0xcb4fc,JP,0xcb29c,5,octorock,Pointer at USA 0x2fe4,False
USA,0xcc69c,DEMO,0xcc220,5,octorock,Pointer at USA 0x2ff4,False
USA,0xcc69c,JP,0xcc43c,5,octorock,Pointer at USA 0x2ff4,False
USA,0x11ee20,DEMO,0x11f82c,5,octorock,Pointer at USA 0x3004,True
USA,0x11ee20,JP,0x11eae4,5,octorock,Pointer at USA 0x3004,True
USA,0xcce64,DEMO,0xcc9e8,5,octorock,Pointer at USA 0x3014,False
USA,0xcce64,JP,0xccc04,5,octorock,Pointer at USA 0x3014,False
USA,0xcdd64,DEMO,0xcd8e8,5,octorock,Pointer at USA 0x3024,False
USA,0xcdd64,JP,0xcdb04,5,octorock,Pointer at USA 0x3024,False
USA,0xce944,DEMO,0xce4c8,5,octorock,Pointer at USA 0x3034,False
USA,0xce944,JP,0xce6e4,5,octorock,Pointer at USA 0x3034,False
USA,0xcf014,DEMO,0xceb98,5,octorock,Pointer at USA 0x3044,False
USA,0xcf014,JP,0xcedb4,5,octorock,Pointer at USA 0x3044,False
USA,0xcf724,DEMO,0xcf2a8,5,octorock,Pointer at USA 0x3054,False
USA,0xcf724,JP,0xcf4c4,5,octorock,Pointer at USA 0x3054,False
USA,0x129f34,DEMO,0x12a984,5,octorock,Pointer at USA 0x3064,True
USA,0x129f34,JP,0x129bf8,5,octorock,Pointer at USA 0x3064,True
USA,0xcfaf0,DEMO,0xcf674,5,octorock,Pointer at USA 0x3074,False
USA,0xcfaf0,JP,0xcf890,5,octorock,Pointer at USA 0x3074,False
USA,0xcf418,DEMO,0xcef9c,5,octorock,Pointer at USA 0x3084,False
USA,0xcf418,JP,0xcf1b8,5,octorock,Pointer at USA 0x3084,False
USA,0xd03b4,DEMO,0xcff38,5,octorock,Pointer at USA 0x3094,False
USA,0xd03b4,JP,0xd0154,5,octorock,Pointer at USA 0x3094,False
USA,0x129bc8,DEMO,0x12a618,5,octorock,Pointer at USA 0x30a4,True
USA,0x129bc8,JP,0x12988c,5,octorock,Pointer at USA 0x30a4,True
USA,0xd0558,DEMO,0xd00dc,5,octorock,Pointer at USA 0x30b4,False
USA,0xd0558,JP,0xd02f8,5,octorock,Pointer at USA 0x30b4,False
USA,0xd058c,DEMO,0xd0110,5,octorock,Pointer at USA 0x30c4,False
USA,0xd058c,JP,0xd032c,5,octorock,Pointer at USA 0x30c4,False
USA,0xd05e0,DEMO,0xd0164,5,octorock,Pointer at USA 0x30d4,False
USA,0xd05e0,JP,0xd0380,5,octorock,Pointer at USA 0x30d4,False
USA,0xd0634,DEMO,0xd01b8,5,octorock,Pointer at USA 0x30e4,False
USA,0xd0634,JP,0xd03d4,5,octorock,Pointer at USA 0x30e4,False
USA,0xd1694,DEMO,0xd1218,5,octorock,Pointer at USA 0x30f4,False
USA,0xd1694,JP,0xd1434,5,octorock,Pointer at USA 0x30f4,False
USA,0xd0bc4,DEMO,0xd0748,5,octorock,Pointer at USA 0x3104,False
USA,0xd0bc4,JP,0xd0964,5,octorock,Pointer at USA 0x3104,False
USA,0xd0c88,DEMO,0xd080c,5,octorock,Pointer at USA 0x3114,False
USA,0xd0c88,JP,0xd0a28,5,octorock,Pointer at USA 0x3114,False
USA,0xd0c0c,DEMO,0xd0790,5,octorock,Pointer at USA 0x3124,False
USA,0xd0c0c,JP,0xd09ac,5,octorock,Pointer at USA 0x3124,False
USA,0xd0cf4,DEMO,0xd0878,5,octorock,Pointer at USA 0x3134,False
USA,0xd0cf4,JP,0xd0a94,5,octorock,Pointer at USA 0x3134,False
USA,0xd1530,DEMO,0xd10b4,5,octorock,Pointer at USA 0x3144,False
USA,0xd1530,JP,0xd12d0,5,octorock,Pointer at USA 0x3144,False
USA,0xd11ac,DEMO,0xd0d30,5,octorock,Pointer at USA 0x3154,False
USA,0xd11ac,JP,0xd0f4c,5,octorock,Pointer at USA 0x3154,False
USA,0x112ff4,DEMO,0x112b78,5,octorock,Pointer at USA 0x3164,False
USA,0x112ff4,JP,0x112cb8,5,octorock,Pointer at USA 0x3164,False
USA,0x113024,DEMO,0x112ba8,5,octorock,Pointer at USA 0x3174,False
USA,0x113024,JP,0x112ce8,5,octorock,Pointer at USA 0x3174,False
USA,0xd07ec,DEMO,0xd0370,5,octorock,Pointer at USA 0x3184,False
USA,0xd07ec,JP,0xd058c,5,octorock,Pointer at USA 0x3184,False
USA,0xd1cbc,DEMO,0xd1840,5,octorock,Pointer at USA 0x3194,False
USA,0xd1cbc,JP,0xd1a5c,5,octorock,Pointer at USA 0x3194,False
USA,0x1214c8,DEMO,0x121ed4,5,octorock,Pointer at USA 0x31a4,False
USA,0x1214c8,JP,0x12118c,5,octorock,Pointer at USA 0x31a4,False
USA,0x12101c,DEMO,0x121a28,5,octorock,Pointer at USA 0x31b4,False
USA,0x12101c,JP,0x120ce0,5,octorock,Pointer at USA 0x31b4,False
USA,0x122540,DEMO,0x122f4c,5,octorock,Pointer at USA 0x31c4,False
USA,0x122540,JP,0x122204,5,octorock,Pointer at USA 0x31c4,False
USA,0x122698,DEMO,0x1230a4,5,octorock,Pointer at USA 0x31d4,False
USA,0x122698,JP,0x12235c,5,octorock,Pointer at USA 0x31d4,False
USA,0x122834,DEMO,0x123240,5,octorock,Pointer at USA 0x31e4,False
USA,0x122834,JP,0x1224f8,5,octorock,Pointer at USA 0x31e4,False
USA,0x1236cc,DEMO,0x1240d8,5,octorock,Pointer at USA 0x31f4,False
USA,0x1236cc,JP,0x123390,5,octorock,Pointer at USA 0x31f4,False
USA,0x123d14,DEMO,0x124720,5,octorock,Pointer at USA 0x3204,False
USA,0x123d14,JP,0x1239d8,5,octorock,Pointer at USA 0x3204,False
USA,0x118d38,DEMO,0x1188bc,5,octorock,Pointer at USA 0x2c78,False
USA,0x118d38,JP,0x1189fc,5,octorock,Pointer at USA 0x2c78,False
USA,0x118da4,DEMO,0x118928,5,octorock,Pointer at USA 0x2c88,False
USA,0x118da4,JP,0x118a68,5,octorock,Pointer at USA 0x2c88,False
USA,0x118dd0,DEMO,0x118954,5,octorock,Pointer at USA 0x2c98,False
USA,0x118dd0,JP,0x118a94,5,octorock,Pointer at USA 0x2c98,False
USA,0x118ddc,DEMO,0x118960,5,octorock,Pointer at USA 0x2ca8,False
USA,0x118ddc,JP,0x118aa0,5,octorock,Pointer at USA 0x2ca8,False
USA,0x118e5c,JP,0x118b20,5,octorock,Pointer at USA 0x2cb8,False
USA,0x118e5c,DEMO,0x1189e0,5,octorock,Pointer at USA 0x2cb8,False
USA,0x118f04,JP,0x118bc8,5,octorock,Pointer at USA 0x2cc8,False
USA,0x118f04,DEMO,0x118a88,5,octorock,Pointer at USA 0x2cc8,False
USA,0x118f3c,JP,0x118c00,5,octorock,Pointer at USA 0x2cd8,False
USA,0x118f3c,DEMO,0x118ac0,5,octorock,Pointer at USA 0x2cd8,False
USA,0x118f64,JP,0x118c28,5,octorock,Pointer at USA 0x2ce8,False
USA,0x118f64,DEMO,0x118ae8,5,octorock,Pointer at USA 0x2ce8,False
USA,0x118f98,JP,0x118c5c,5,octorock,Pointer at USA 0x2cf8,False
USA,0x118f98,DEMO,0x118b1c,5,octorock,Pointer at USA 0x2cf8,False
USA,0x1190a0,JP,0x118d64,5,octorock,Pointer at USA 0x2d08,False
USA,0x1190a0,DEMO,0x118c24,5,octorock,Pointer at USA 0x2d08,False
USA,0x1190e4,JP,0x118da8,5,octorock,Pointer at USA 0x2d18,False
USA,0x1190e4,DEMO,0x118c68,5,octorock,Pointer at USA 0x2d18,False
USA,0x11911c,JP,0x118de0,5,octorock,Pointer at USA 0x2d28,False
USA,0x11911c,DEMO,0x118ca0,5,octorock,Pointer at USA 0x2d28,False
USA,0x11912c,JP,0x118df0,5,octorock,Pointer at USA 0x2d38,False
USA,0x11912c,DEMO,0x118cb0,5,octorock,Pointer at USA 0x2d38,False
USA,0x119188,JP,0x118e4c,5,octorock,Pointer at USA 0x2d48,False
USA,0x119188,DEMO,0x118d0c,5,octorock,Pointer at USA 0x2d48,False
USA,0x1192a8,JP,0x118f6c,5,octorock,Pointer at USA 0x2d58,False
USA,0x1192a8,DEMO,0x118e2c,5,octorock,Pointer at USA 0x2d58,False
USA,0x119548,JP,0x11920c,5,octorock,Pointer at USA 0x2d68,False
USA,0x119548,DEMO,0x1190cc,5,octorock,Pointer at USA 0x2d68,False
USA,0x1197c4,JP,0x119488,5,octorock,Pointer at USA 0x2d78,False
USA,0x1197c4,DEMO,0x119348,5,octorock,Pointer at USA 0x2d78,False
USA,0x1197f4,JP,0x1194b8,5,octorock,Pointer at USA 0x2d88,False
USA,0x1197f4,DEMO,0x119378,5,octorock,Pointer at USA 0x2d88,False
USA,0x1198c4,JP,0x119588,5,octorock,Pointer at USA 0x2d98,False
USA,0x1198c4,DEMO,0x119448,5,octorock,Pointer at USA 0x2d98,False
USA,0x1198ec,JP,0x1195b0,5,octorock,Pointer at USA 0x2da8,False
USA,0x1198ec,DEMO,0x119470,5,octorock,Pointer at USA 0x2da8,False
USA,0x1199a4,JP,0x119668,5,octorock,Pointer at USA 0x2db8,False
USA,0x1199a4,DEMO,0x119528,5,octorock,Pointer at USA 0x2db8,False
USA,0x1199f8,JP,0x1196bc,5,octorock,Pointer at USA 0x2dc8,False
USA,0x1199f8,DEMO,0x11957c,5,octorock,Pointer at USA 0x2dc8,False
USA,0x119a74,JP,0x119738,5,octorock,Pointer at USA 0x2dd8,False
USA,0x119a74,DEMO,0x1195f8,5,octorock,Pointer at USA 0x2dd8,False
USA,0x119af0,JP,0x1197b4,5,octorock,Pointer at USA 0x2de8,False
USA,0x119af0,DEMO,0x119674,5,octorock,Pointer at USA 0x2de8,False
USA,0x119b7c,JP,0x119840,5,octorock,Pointer at USA 0x2df8,False
USA,0x119b7c,DEMO,0x119700,5,octorock,Pointer at USA 0x2df8,False
USA,0x119bf0,JP,0x1198b4,5,octorock,Pointer at USA 0x2e08,False
USA,0x119bf0,DEMO,0x119774,5,octorock,Pointer at USA 0x2e08,False
USA,0x119c64,JP,0x119928,5,octorock,Pointer at USA 0x2e18,False
USA,0x119c64,DEMO,0x1197e8,5,octorock,Pointer at USA 0x2e18,False
USA,0x119cf4,JP,0x1199b8,5,octorock,Pointer at USA 0x2e28,False
USA,0x119cf4,DEMO,0x119878,5,octorock,Pointer at USA 0x2e28,False
USA,0x119d54,JP,0x119a18,5,octorock,Pointer at USA 0x2e38,False
USA,0x119d54,DEMO,0x1198d8,5,octorock,Pointer at USA 0x2e38,False
USA,0x119da8,JP,0x119a6c,5,octorock,Pointer at USA 0x2e48,False
USA,0x119da8,DEMO,0x11992c,5,octorock,Pointer at USA 0x2e48,False
USA,0x119dfc,JP,0x119ac0,5,octorock,Pointer at USA 0x2e58,False
USA,0x119dfc,DEMO,0x119980,5,octorock,Pointer at USA 0x2e58,False
USA,0x119e18,JP,0x119adc,5,octorock,Pointer at USA 0x2e68,False
USA,0x119e18,DEMO,0x11999c,5,octorock,Pointer at USA 0x2e68,False
USA,0x119e44,JP,0x119b08,5,octorock,Pointer at USA 0x2e78,False
USA,0x119e44,DEMO,0x1199c8,5,octorock,Pointer at USA 0x2e78,False
USA,0x119eb0,JP,0x119b74,5,octorock,Pointer at USA 0x2e88,False
USA,0x119eb0,DEMO,0x119a34,5,octorock,Pointer at USA 0x2e88,False
USA,0x119ed8,JP,0x119b9c,5,octorock,Pointer at USA 0x2e98,False
USA,0x119ed8,DEMO,0x119a5c,5,octorock,Pointer at USA 0x2e98,False
USA,0x119f80,JP,0x119c44,5,octorock,Pointer at USA 0x2ea8,False
USA,0x119f80,DEMO,0x119b04,5,octorock,Pointer at USA 0x2ea8,False
USA,0x119fa4,JP,0x119c68,5,octorock,Pointer at USA 0x2eb8,False
USA,0x119fa4,DEMO,0x119b28,5,octorock,Pointer at USA 0x2eb8,False
USA,0x119fd4,JP,0x119c98,5,octorock,Pointer at USA 0x2ec8,False
USA,0x119fd4,DEMO,0x119b58,5,octorock,Pointer at USA 0x2ec8,False
USA,0x11a01c,JP,0x119ce0,5,octorock,Pointer at USA 0x2ed8,False
USA,0x11a01c,DEMO,0x119ba0,5,octorock,Pointer at USA 0x2ed8,False
USA,0x11a04c,JP,0x119d10,5,octorock,Pointer at USA 0x2ee8,False
USA,0x11a04c,DEMO,0x119bd0,5,octorock,Pointer at USA 0x2ee8,False
USA,0x11a068,JP,0x119d2c,5,octorock,Pointer at USA 0x2ef8,False
USA,0x11a068,DEMO,0x119bec,5,octorock,Pointer at USA 0x2ef8,False
USA,0x11a0a4,JP,0x119d68,5,octorock,Pointer at USA 0x2f08,False
USA,0x11a0a4,DEMO,0x119c28,5,octorock,Pointer at USA 0x2f08,False
USA,0x11a0cc,JP,0x119d90,5,octorock,Pointer at USA 0x2f18,False
USA,0x11a0cc,DEMO,0x119c50,5,octorock,Pointer at USA 0x2f18,False
USA,0x11a0e4,JP,0x119da8,5,octorock,Pointer at USA 0x2f28,False
USA,0x11a0e4,DEMO,0x119c68,5,octorock,Pointer at USA 0x2f28,False
USA,0x11a124,JP,0x119de8,5,octorock,Pointer at USA 0x2f38,False
USA,0x11a124,DEMO,0x119ca8,5,octorock,Pointer at USA 0x2f38,False
USA,0x11a144,JP,0x119e08,5,octorock,Pointer at USA 0x2f48,False
USA,0x11a144,DEMO,0x119cc8,5,octorock,Pointer at USA 0x2f48,False
USA,0x11a17c,JP,0x119e40,5,octorock,Pointer at USA 0x2f58,False
USA,0x11a17c,DEMO,0x119d00,5,octorock,Pointer at USA 0x2f58,False
USA,0x11a1c8,JP,0x119e8c,5,octorock,Pointer at USA 0x2f68,False
USA,0x11a1c8,DEMO,0x119d4c,5,octorock,Pointer at USA 0x2f68,False
USA,0x11a1f8,JP,0x119ebc,5,octorock,Pointer at USA 0x2f78,False
USA,0x11a1f8,DEMO,0x119d7c,5,octorock,Pointer at USA 0x2f78,False
USA,0x11a228,JP,0x119eec,5,octorock,Pointer at USA 0x2f88,False
USA,0x11a228,DEMO,0x119dac,5,octorock,Pointer at USA 0x2f88,False
USA,0x11a280,JP,0x119f44,5,octorock,Pointer at USA 0x2f98,False
USA,0x11a280,DEMO,0x119e04,5,octorock,Pointer at USA 0x2f98,False
USA,0x11a28c,JP,0x119f50,5,octorock,Pointer at USA 0x2fa8,False
USA,0x11a28c,DEMO,0x119e10,5,octorock,Pointer at USA 0x2fa8,False
USA,0x11a2a8,JP,0x119f6c,5,octorock,Pointer at USA 0x2fb8,False
USA,0x11a2a8,DEMO,0x119e2c,5,octorock,Pointer at USA 0x2fb8,False
USA,0x11a2d0,JP,0x119f94,5,octorock,Pointer at USA 0x2fc8,False
USA,0x11a2d0,DEMO,0x119e54,5,octorock,Pointer at USA 0x2fc8,False
USA,0x11a2fc,JP,0x119fc0,5,octorock,Pointer at USA 0x2fd8,False
USA,0x11a2fc,DEMO,0x119e80,5,octorock,Pointer at USA 0x2fd8,False
USA,0x11a510,JP,0x11a1d4,5,octorock,Pointer at USA 0x2fe8,False
USA,0x11a510,DEMO,0x11a094,5,octorock,Pointer at USA 0x2fe8,False
USA,0x11a75c,JP,0x11a420,5,octorock,Pointer at USA 0x2ff8,False
USA,0x11a75c,DEMO,0x11a2e0,5,octorock,Pointer at USA 0x2ff8,False
USA,0x11a7a8,JP,0x11a46c,5,octorock,Pointer at USA 0x3008,False
USA,0x11a7a8,DEMO,0x11a32c,5,octorock,Pointer at USA 0x3008,False
USA,0x11a86c,JP,0x11a530,5,octorock,Pointer at USA 0x3018,False
USA,0x11a86c,DEMO,0x11a3f0,5,octorock,Pointer at USA 0x3018,False
USA,0x11a8cc,JP,0x11a590,5,octorock,Pointer at USA 0x3028,False
USA,0x11a8cc,DEMO,0x11a450,5,octorock,Pointer at USA 0x3028,False
USA,0x11a9b4,JP,0x11a678,5,octorock,Pointer at USA 0x3038,False
USA,0x11a9b4,DEMO,0x11a538,5,octorock,Pointer at USA 0x3038,False
USA,0x11aa2c,JP,0x11a6f0,4,octorock,Pointer at USA 0x3048,False
USA,0x11aa2c,DEMO,0x11a5b0,4,octorock,Pointer at USA 0x3048,False
USA,0x11aa7c,JP,0x11a740,5,octorock,Pointer at USA 0x3058,False
USA,0x11aa7c,DEMO,0x11a600,5,octorock,Pointer at USA 0x3058,False
USA,0x11ab18,JP,0x11a7dc,5,octorock,Pointer at USA 0x3068,False
USA,0x11ab18,DEMO,0x11a69c,5,octorock,Pointer at USA 0x3068,False
USA,0x11abf8,JP,0x11a8bc,5,octorock,Pointer at USA 0x3078,False
USA,0x11abf8,DEMO,0x11a77c,5,octorock,Pointer at USA 0x3078,False
USA,0x11ad24,JP,0x11a9e8,5,octorock,Pointer at USA 0x3088,False
USA,0x11ad24,DEMO,0x11a8a8,5,octorock,Pointer at USA 0x3088,False
USA,0x11adcc,JP,0x11aa90,5,octorock,Pointer at USA 0x3098,False
USA,0x11adcc,DEMO,0x11a950,5,octorock,Pointer at USA 0x3098,False
USA,0x11aeb0,JP,0x11ab74,5,octorock,Pointer at USA 0x30a8,False
USA,0x11aeb0,DEMO,0x11aa34,5,octorock,Pointer at USA 0x30a8,False
USA,0x11aed8,JP,0x11ab9c,5,octorock,Pointer at USA 0x30b8,False
USA,0x11aed8,DEMO,0x11aa5c,5,octorock,Pointer at USA 0x30b8,False
USA,0x11af24,JP,0x11abe8,5,octorock,Pointer at USA 0x30c8,False
USA,0x11af24,DEMO,0x11aaa8,5,octorock,Pointer at USA 0x30c8,False
USA,0x11af34,JP,0x11abf8,5,octorock,Pointer at USA 0x30d8,False
USA,0x11af34,DEMO,0x11aab8,5,octorock,Pointer at USA 0x30d8,False
USA,0x11af64,JP,0x11ac28,5,octorock,Pointer at USA 0x30e8,False
USA,0x11af64,DEMO,0x11aae8,5,octorock,Pointer at USA 0x30e8,False
USA,0x11af8c,JP,0x11ac50,5,octorock,Pointer at USA 0x30f8,False
USA,0x11af8c,DEMO,0x11ab10,5,octorock,Pointer at USA 0x30f8,False
USA,0x11afbc,JP,0x11ac80,5,octorock,Pointer at USA 0x3108,False
USA,0x11afbc,DEMO,0x11ab40,5,octorock,Pointer at USA 0x3108,False
USA,0x11afd0,JP,0x11ac94,5,octorock,Pointer at USA 0x3118,False
USA,0x11afd0,DEMO,0x11ab54,5,octorock,Pointer at USA 0x3118,False
USA,0x11b000,JP,0x11acc4,5,octorock,Pointer at USA 0x3128,False
USA,0x11b000,DEMO,0x11ab84,5,octorock,Pointer at USA 0x3128,False
USA,0x11b01c,JP,0x11ace0,5,octorock,Pointer at USA 0x3138,False
USA,0x11b01c,DEMO,0x11aba0,5,octorock,Pointer at USA 0x3138,False
USA,0x11b02c,JP,0x11acf0,5,octorock,Pointer at USA 0x3148,False
USA,0x11b02c,DEMO,0x11abb0,5,octorock,Pointer at USA 0x3148,False
USA,0x11b0b0,JP,0x11ad74,5,octorock,Pointer at USA 0x3158,False
USA,0x11b0b0,DEMO,0x11ac34,5,octorock,Pointer at USA 0x3158,False
USA,0x11b130,JP,0x11adf4,5,octorock,Pointer at USA 0x3168,False
USA,0x11b130,DEMO,0x11acb4,5,octorock,Pointer at USA 0x3168,False
USA,0x11b178,JP,0x11ae3c,5,octorock,Pointer at USA 0x3178,False
USA,0x11b178,DEMO,0x11acfc,5,octorock,Pointer at USA 0x3178,False
USA,0x11b190,JP,0x11ae54,5,octorock,Pointer at USA 0x3188,False
USA,0x11b190,DEMO,0x11ad14,5,octorock,Pointer at USA 0x3188,False
USA,0x11b214,JP,0x11aed8,5,octorock,Pointer at USA 0x3198,False
USA,0x11b214,DEMO,0x11ad98,5,octorock,Pointer at USA 0x3198,False
USA,0x11b258,JP,0x11af1c,5,octorock,Pointer at USA 0x31a8,False
USA,0x11b258,DEMO,0x11addc,5,octorock,Pointer at USA 0x31a8,False
USA,0x11b294,JP,0x11af58,5,octorock,Pointer at USA 0x31b8,False
USA,0x11b294,DEMO,0x11ae18,5,octorock,Pointer at USA 0x31b8,False
USA,0x11b2fc,JP,0x11afc0,5,octorock,Pointer at USA 0x31c8,False
USA,0x11b2fc,DEMO,0x11ae80,5,octorock,Pointer at USA 0x31c8,False
USA,0x11b34c,JP,0x11b010,5,octorock,Pointer at USA 0x31d8,False
USA,0x11b34c,DEMO,0x11aed0,5,octorock,Pointer at USA 0x31d8,False
USA,0x11b394,JP,0x11b058,5,octorock,Pointer at USA 0x31f8,False
USA,0x11b394,DEMO,0x11af18,5,octorock,Pointer at USA 0x31f8,False
USA,0x11b3a4,JP,0x11b068,5,octorock,Pointer at USA 0x3208,False
USA,0x11b3a4,DEMO,0x11af28,5,octorock,Pointer at USA 0x3208,False
USA,0x11b3b4,JP,0x11b078,5,octorock,Pointer at USA 0x3218,False
USA,0x11b3b4,DEMO,0x11af38,5,octorock,Pointer at USA 0x3218,False
USA,0x11b3c8,JP,0x11b08c,5,octorock,Pointer at USA 0x3228,False
USA,0x11b3c8,DEMO,0x11af4c,5,octorock,Pointer at USA 0x3228,False
USA,0x11b408,JP,0x11b0cc,5,octorock,Pointer at USA 0x3238,False
USA,0x11b408,DEMO,0x11af8c,5,octorock,Pointer at USA 0x3238,False
USA,0x11b540,JP,0x11b204,5,octorock,Pointer at USA 0x3248,False
USA,0x11b540,DEMO,0x11b0c4,5,octorock,Pointer at USA 0x3248,False
USA,0x11b564,JP,0x11b228,5,octorock,Pointer at USA 0x3258,False
USA,0x11b564,DEMO,0x11b0e8,5,octorock,Pointer at USA 0x3258,False
USA,0x122638,JP,0x1222fc,5,octorock,Pointer at USA 0x3214,False
USA,0x122638,DEMO,0x123044,5,octorock,Pointer at USA 0x3214,False
USA,0x12a36c,JP,0x12a030,5,octorock,Pointer at USA 0x3224,False
USA,0x12a36c,DEMO,0x12adbc,5,octorock,Pointer at USA 0x3224,False
USA,0x123474,JP,0x123138,5,octorock,Pointer at USA 0x3234,False
USA,0x123474,DEMO,0x123e80,5,octorock,Pointer at USA 0x3234,False
USA,0xcf234,JP,0xcefd4,5,octorock,Pointer at USA 0x3244,False
USA,0xcf234,DEMO,0xcedb8,5,octorock,Pointer at USA 0x3244,False
USA,0x1233b0,JP,0x123074,5,octorock,Pointer at USA 0x3254,False
USA,0x1233b0,DEMO,0x123dbc,5,octorock,Pointer at USA 0x3254,False
USA,0x10ff38,JP,0x10fbfc,5,octorock,Pointer at USA 0x3264,False
USA,0x10ff38,DEMO,0x10fabc,5,octorock,Pointer at USA 0x3264,False
USA,0x10fbd0,JP,0x10f894,5,octorock,Pointer at USA 0x3274,False
USA,0x10fbd0,DEMO,0x10f754,5,octorock,Pointer at USA 0x3274,False
USA,0x1130a0,JP,0x112d64,5,octorock,Pointer at USA 0x3284,False
USA,0x1130a0,DEMO,0x112c24,5,octorock,Pointer at USA 0x3284,False
USA,0x113108,JP,0x112dcc,5,octorock,Pointer at USA 0x3294,False
USA,0x113108,DEMO,0x112c8c,5,octorock,Pointer at USA 0x3294,False
USA,0x10c32c,JP,0x10bff0,5,octorock,Pointer at USA 0x32a4,False
USA,0x10c32c,DEMO,0x10beb0,5,octorock,Pointer at USA 0x32a4,False
USA,0x10c390,JP,0x10c054,5,octorock,Pointer at USA 0x32b4,False
USA,0x10c390,DEMO,0x10bf14,5,octorock,Pointer at USA 0x32b4,False
USA,0x10fe90,JP,0x10fb54,5,octorock,Pointer at USA 0x32c4,False
USA,0x10fe90,DEMO,0x10fa14,5,octorock,Pointer at USA 0x32c4,False
USA,0x10c414,JP,0x10c0d8,5,octorock,Pointer at USA 0x32d4,False
USA,0x10c414,DEMO,0x10bf98,5,octorock,Pointer at USA 0x32d4,False
USA,0x10c468,JP,0x10c12c,5,octorock,Pointer at USA 0x32e4,False
USA,0x10c468,DEMO,0x10bfec,5,octorock,Pointer at USA 0x32e4,False
USA,0xcf890,JP,0xcf630,5,octorock,Pointer at USA 0x32f4,False
USA,0xcf890,DEMO,0xcf414,5,octorock,Pointer at USA 0x32f4,False
USA,0x1118f0,JP,0x1115b4,5,octorock,Pointer at USA 0x3304,False
USA,0x1118f0,DEMO,0x111474,5,octorock,Pointer at USA 0x3304,False
USA,0x1118cc,JP,0x111590,5,octorock,Pointer at USA 0x3314,False
USA,0x1118cc,DEMO,0x111450,5,octorock,Pointer at USA 0x3314,False
USA,0x112598,JP,0x11225c,5,octorock,Pointer at USA 0x3324,False
USA,0x112598,DEMO,0x11211c,5,octorock,Pointer at USA 0x3324,False
USA,0x1132e4,JP,0x112fa8,5,octorock,Pointer at USA 0x3334,False
USA,0x1132e4,DEMO,0x112e68,5,octorock,Pointer at USA 0x3334,False
USA,0x113314,JP,0x112fd8,5,octorock,Pointer at USA 0x3344,False
USA,0x113314,DEMO,0x112e98,5,octorock,Pointer at USA 0x3344,False
USA,0x113490,JP,0x113154,5,octorock,Pointer at USA 0x3354,False
USA,0x113490,DEMO,0x113014,5,octorock,Pointer at USA 0x3354,False
USA,0x113730,JP,0x1133f4,5,octorock,Pointer at USA 0x3374,False
USA,0x113730,DEMO,0x1132b4,5,octorock,Pointer at USA 0x3374,False
USA,0x1138fc,JP,0x1135c0,5,octorock,Pointer at USA 0x3384,False
USA,0x1138fc,DEMO,0x113480,5,octorock,Pointer at USA 0x3384,False
USA,0x113ef8,JP,0x113bbc,5,octorock,Pointer at USA 0x3394,False
USA,0x113ef8,DEMO,0x113a7c,5,octorock,Pointer at USA 0x3394,False
USA,0x110eac,JP,0x110b70,5,octorock,Pointer at USA 0x33b4,False
USA,0x110eac,DEMO,0x110a30,5,octorock,Pointer at USA 0x33b4,False
USA,0xca470,JP,0xca210,5,octorock,Pointer at USA 0x33c4,False
USA,0xca470,DEMO,0xc9ff4,5,octorock,Pointer at USA 0x33c4,False
USA,0x1203fc,JP,0x1200c0,5,octorock,Pointer at USA 0x33d4,False
USA,0x1203fc,DEMO,0x120e08,5,octorock,Pointer at USA 0x33d4,False
USA,0x1203fc,JP,0x1200c0,5,octorock,Pointer at USA 0x33e4,False
USA,0x1203fc,DEMO,0x120e08,5,octorock,Pointer at USA 0x33e4,False
USA,0x1229a4,JP,0x122668,5,octorock,Pointer at USA 0x33f4,False
USA,0x1229a4,DEMO,0x1233b0,5,octorock,Pointer at USA 0x33f4,False
USA,0xcb67c,JP,0xcb41c,5,octorock,Pointer at USA 0x3404,False
USA,0xcb67c,DEMO,0xcb200,5,octorock,Pointer at USA 0x3404,False
USA,0x12714c,JP,0x126e10,5,octorock,Pointer at USA 0x3414,False
USA,0x12714c,DEMO,0x127b58,5,octorock,Pointer at USA 0x3414,False
USA,0x11f118,JP,0x11eddc,5,octorock,Pointer at USA 0x3424,False
USA,0x11f118,DEMO,0x11fb24,5,octorock,Pointer at USA 0x3424,False
USA,0x11ee10,JP,0x11ead4,5,octorock,Pointer at USA 0x3434,False
USA,0x11ee10,DEMO,0x11f81c,5,octorock,Pointer at USA 0x3434,True
USA,0xca650,JP,0xca3f0,5,octorock,Pointer at USA 0x3444,False
USA,0xca650,DEMO,0xca1d4,5,octorock,Pointer at USA 0x3444,False
USA,0x1205f4,DEMO,0x121000,5,octorock,Pointer at USA 0x3454,False
USA,0x1205f4,JP,0x1202b8,5,octorock,Pointer at USA 0x3454,False
USA,0xcaa34,DEMO,0xca5b8,5,octorock,Pointer at USA 0x3464,False
USA,0xcaa34,JP,0xca7d4,5,octorock,Pointer at USA 0x3464,False
USA,0x11f954,DEMO,0x120360,5,octorock,Pointer at USA 0x3474,False
USA,0x11f954,JP,0x11f618,5,octorock,Pointer at USA 0x3474,False
USA,0x120dec,DEMO,0x1217f8,5,octorock,Pointer at USA 0x3484,False
USA,0x120dec,JP,0x120ab0,5,octorock,Pointer at USA 0x3484,False
USA,0xca1f8,DEMO,0xc9d7c,5,octorock,Pointer at USA 0x3494,False
USA,0xca1f8,JP,0xc9f98,5,octorock,Pointer at USA 0x3494,False
USA,0x121b48,DEMO,0x122554,5,octorock,Pointer at USA 0x34a4,False
USA,0x121b48,JP,0x12180c,5,octorock,Pointer at USA 0x34a4,False
USA,0x129604,DEMO,0x12a054,5,octorock,Pointer at USA 0x34b4,True
USA,0x129604,JP,0x1292c8,5,octorock,Pointer at USA 0x34b4,True
USA,0xcb728,DEMO,0xcb2ac,5,octorock,Pointer at USA 0x34c4,False
USA,0xcb728,JP,0xcb4c8,5,octorock,Pointer at USA 0x34c4,False
USA,0xcb914,DEMO,0xcb498,5,octorock,Pointer at USA 0x34d4,False
USA,0xcb914,JP,0xcb6b4,5,octorock,Pointer at USA 0x34d4,False
USA,0xcb914,DEMO,0xcb498,5,octorock,Pointer at USA 0x34e4,False
USA,0xcb914,JP,0xcb6b4,5,octorock,Pointer at USA 0x34e4,False
USA,0xcba18,DEMO,0xcb59c,5,octorock,Pointer at USA 0x34f4,False
USA,0xcba18,JP,0xcb7b8,5,octorock,Pointer at USA 0x34f4,False
USA,0xcbb44,DEMO,0xcb6c8,5,octorock,Pointer at USA 0x3504,False
USA,0xcbb44,JP,0xcb8e4,5,octorock,Pointer at USA 0x3504,False
USA,0x120c08,DEMO,0x121614,5,octorock,Pointer at USA 0x3514,False
USA,0x120c08,JP,0x1208cc,5,octorock,Pointer at USA 0x3514,False
USA,0x1209e8,DEMO,0x1213f4,5,octorock,Pointer at USA 0x3524,False
USA,0x1209e8,JP,0x1206ac,5,octorock,Pointer at USA 0x3524,False
USA,0x11f8f0,DEMO,0x1202fc,5,octorock,Pointer at USA 0x3534,False
USA,0x11f8f0,JP,0x11f5b4,5,octorock,Pointer at USA 0x3534,False
USA,0x120c78,DEMO,0x121684,5,octorock,Pointer at USA 0x3544,False
USA,0x120c78,JP,0x12093c,5,octorock,Pointer at USA 0x3544,False
USA,0x120d8c,DEMO,0x121798,5,octorock,Pointer at USA 0x3554,False
USA,0x120d8c,JP,0x120a50,5,octorock,Pointer at USA 0x3554,False
USA,0xcbd58,DEMO,0xcb8dc,5,octorock,Pointer at USA 0x3564,False
USA,0xcbd58,JP,0xcbaf8,5,octorock,Pointer at USA 0x3564,False
USA,0xcbea4,DEMO,0xcba28,5,octorock,Pointer at USA 0x3574,False
USA,0xcbea4,JP,0xcbc44,5,octorock,Pointer at USA 0x3574,False
USA,0xcbea4,DEMO,0xcba28,5,octorock,Pointer at USA 0x3584,False
USA,0xcbea4,JP,0xcbc44,5,octorock,Pointer at USA 0x3584,False
USA,0xcbea4,DEMO,0xcba28,5,octorock,Pointer at USA 0x3594,False
USA,0xcbea4,JP,0xcbc44,5,octorock,Pointer at USA 0x3594,False
USA,0xcbf78,DEMO,0xcbafc,5,octorock,Pointer at USA 0x35a4,False
USA,0xcbf78,JP,0xcbd18,5,octorock,Pointer at USA 0x35a4,False
USA,0xcc174,DEMO,0xcbcf8,5,octorock,Pointer at USA 0x35b4,False
USA,0xcc174,JP,0xcbf14,5,octorock,Pointer at USA 0x35b4,False
USA,0x121158,DEMO,0x121b64,5,octorock,Pointer at USA 0x35c4,False
USA,0x121158,JP,0x120e1c,5,octorock,Pointer at USA 0x35c4,False
USA,0x121028,DEMO,0x121a34,5,octorock,Pointer at USA 0x35d4,False
USA,0x121028,JP,0x120cec,5,octorock,Pointer at USA 0x35d4,False
USA,0x124af8,DEMO,0x125504,5,octorock,Pointer at USA 0x35e4,False
USA,0x124af8,JP,0x1247bc,5,octorock,Pointer at USA 0x35e4,False
USA,0x1212b8,DEMO,0x121cc4,5,octorock,Pointer at USA 0x35f4,False
USA,0x1212b8,JP,0x120f7c,5,octorock,Pointer at USA 0x35f4,False
USA,0x121358,DEMO,0x121d64,5,octorock,Pointer at USA 0x3604,False
USA,0x121358,JP,0x12101c,5,octorock,Pointer at USA 0x3604,False
USA,0x1213b8,DEMO,0x121dc4,5,octorock,Pointer at USA 0x3614,False
USA,0x1213b8,JP,0x12107c,5,octorock,Pointer at USA 0x3614,False
USA,0x120dc4,DEMO,0x1217d0,5,octorock,Pointer at USA 0x3624,False
USA,0x120dc4,JP,0x120a88,5,octorock,Pointer at USA 0x3624,False
USA,0xcc684,DEMO,0xcc208,5,octorock,Pointer at USA 0x3634,False
USA,0xcc684,JP,0xcc424,5,octorock,Pointer at USA 0x3634,False
USA,0xcc6d4,DEMO,0xcc258,5,octorock,Pointer at USA 0x3644,False
USA,0xcc6d4,JP,0xcc474,5,octorock,Pointer at USA 0x3644,False
USA,0x11f7cc,DEMO,0x1201d8,5,octorock,Pointer at USA 0x3654,False
USA,0x11f7cc,JP,0x11f490,5,octorock,Pointer at USA 0x3654,False
USA,0x1215b4,DEMO,0x121fc0,5,octorock,Pointer at USA 0x3664,False
USA,0x1215b4,JP,0x121278,5,octorock,Pointer at USA 0x3664,False
USA,0x121c34,DEMO,0x122640,5,octorock,Pointer at USA 0x3674,False
USA,0x121c34,JP,0x1218f8,5,octorock,Pointer at USA 0x3674,False
USA,0xcc780,DEMO,0xcc304,5,octorock,Pointer at USA 0x3684,False
USA,0xcc780,JP,0xcc520,5,octorock,Pointer at USA 0x3684,False
USA,0xcc8e0,DEMO,0xcc464,5,octorock,Pointer at USA 0x3694,False
USA,0xcc8e0,JP,0xcc680,5,octorock,Pointer at USA 0x3694,False
USA,0xd00cc,DEMO,0xcfc50,5,octorock,Pointer at USA 0x36a4,False
USA,0xd00cc,JP,0xcfe6c,5,octorock,Pointer at USA 0x36a4,False
USA,0xccb94,DEMO,0xcc718,5,octorock,Pointer at USA 0x36b4,False
USA,0xccb94,JP,0xcc934,5,octorock,Pointer at USA 0x36b4,False
USA,0xccd20,DEMO,0xcc8a4,5,octorock,Pointer at USA 0x36c4,False
USA,0xccd20,JP,0xccac0,5,octorock,Pointer at USA 0x36c4,False
USA,0x12226c,DEMO,0x122c78,5,octorock,Pointer at USA 0x36d4,False
USA,0x12226c,JP,0x121f30,5,octorock,Pointer at USA 0x36d4,False
USA,0x122334,DEMO,0x122d40,5,octorock,Pointer at USA 0x36e4,False
USA,0x122334,JP,0x121ff8,5,octorock,Pointer at USA 0x36e4,False
USA,0x1225f4,DEMO,0x123000,5,octorock,Pointer at USA 0x36f4,False
USA,0x1225f4,JP,0x1222b8,5,octorock,Pointer at USA 0x36f4,False
USA,0xccfdc,DEMO,0xccb60,5,octorock,Pointer at USA 0x3704,False
USA,0xccfdc,JP,0xccd7c,5,octorock,Pointer at USA 0x3704,False
USA,0x122764,DEMO,0x123170,5,octorock,Pointer at USA 0x3714,False
USA,0x122764,JP,0x122428,5,octorock,Pointer at USA 0x3714,False
USA,0xcd070,DEMO,0xccbf4,5,octorock,Pointer at USA 0x3724,False
USA,0xcd070,JP,0xcce10,5,octorock,Pointer at USA 0x3724,False
USA,0xcd0e0,DEMO,0xccc64,5,octorock,Pointer at USA 0x3734,False
USA,0xcd0e0,JP,0xcce80,5,octorock,Pointer at USA 0x3734,False
USA,0x129790,DEMO,0x12a1e0,5,octorock,Pointer at USA 0x3744,False
USA,0x129790,JP,0x129454,5,octorock,Pointer at USA 0x3744,False
USA,0x123208,DEMO,0x123c14,5,octorock,Pointer at USA 0x3754,False
USA,0x123208,JP,0x122ecc,5,octorock,Pointer at USA 0x3754,False
USA,0xcd220,DEMO,0xccda4,5,octorock,Pointer at USA 0x3764,False
USA,0xcd220,JP,0xccfc0,5,octorock,Pointer at USA 0x3764,False
USA,0xcd274,DEMO,0xccdf8,5,octorock,Pointer at USA 0x3774,False
USA,0xcd274,JP,0xcd014,5,octorock,Pointer at USA 0x3774,False
USA,0xcd2c8,DEMO,0xcce4c,5,octorock,Pointer at USA 0x3784,False
USA,0xcd2c8,JP,0xcd068,5,octorock,Pointer at USA 0x3784,False
USA,0xcd398,DEMO,0xccf1c,5,octorock,Pointer at USA 0x3794,False
USA,0xcd398,JP,0xcd138,5,octorock,Pointer at USA 0x3794,False
USA,0xcd50c,DEMO,0xcd090,5,octorock,Pointer at USA 0x37a4,False
USA,0xcd50c,JP,0xcd2ac,5,octorock,Pointer at USA 0x37a4,False
USA,0xcd5c8,DEMO,0xcd14c,5,octorock,Pointer at USA 0x37b4,False
USA,0xcd5c8,JP,0xcd368,5,octorock,Pointer at USA 0x37b4,False
USA,0xcd6d0,DEMO,0xcd254,5,octorock,Pointer at USA 0x37c4,False
USA,0xcd6d0,JP,0xcd470,5,octorock,Pointer at USA 0x37c4,False
USA,0xcdc00,DEMO,0xcd784,5,octorock,Pointer at USA 0x37d4,False
USA,0xcdc00,JP,0xcd9a0,5,octorock,Pointer at USA 0x37d4,False
USA,0x120878,DEMO,0x121284,5,octorock,Pointer at USA 0x37e4,False
USA,0x120878,JP,0x12053c,5,octorock,Pointer at USA 0x37e4,False
USA,0xcdf38,DEMO,0xcdabc,5,octorock,Pointer at USA 0x37f4,False
USA,0xcdf38,JP,0xcdcd8,5,octorock,Pointer at USA 0x37f4,False
USA,0xcdfa0,DEMO,0xcdb24,5,octorock,Pointer at USA 0x3804,False
USA,0xcdfa0,JP,0xcdd40,5,octorock,Pointer at USA 0x3804,False
USA,0xce050,DEMO,0xcdbd4,5,octorock,Pointer at USA 0x3814,False
USA,0xce050,JP,0xcddf0,5,octorock,Pointer at USA 0x3814,False
USA,0xce100,DEMO,0xcdc84,5,octorock,Pointer at USA 0x3824,False
USA,0xce100,JP,0xcdea0,5,octorock,Pointer at USA 0x3824,False
USA,0x1297f8,DEMO,0x12a248,5,octorock,Pointer at USA 0x3834,False
USA,0x1297f8,JP,0x1294bc,5,octorock,Pointer at USA 0x3834,False
USA,0x129894,DEMO,0x12a2e4,5,octorock,Pointer at USA 0x3844,False
USA,0x129894,JP,0x129558,5,octorock,Pointer at USA 0x3844,False
USA,0x129930,DEMO,0x12a380,5,octorock,Pointer at USA 0x3854,False
USA,0x129930,JP,0x1295f4,5,octorock,Pointer at USA 0x3854,False
USA,0xce264,DEMO,0xcdde8,5,octorock,Pointer at USA 0x3864,False
USA,0xce264,JP,0xce004,5,octorock,Pointer at USA 0x3864,False
USA,0xca560,DEMO,0xca0e4,5,octorock,Pointer at USA 0x3874,False
USA,0xca560,JP,0xca300,5,octorock,Pointer at USA 0x3874,False
USA,0xce50c,DEMO,0xce090,5,octorock,Pointer at USA 0x3884,False
USA,0xce50c,JP,0xce2ac,5,octorock,Pointer at USA 0x3884,False
USA,0xce404,DEMO,0xcdf88,5,octorock,Pointer at USA 0x3894,False
USA,0xce404,JP,0xce1a4,5,octorock,Pointer at USA 0x3894,False
USA,0xcbf78,DEMO,0xcbafc,5,octorock,Pointer at USA 0x38a4,False
USA,0xcbf78,JP,0xcbd18,5,octorock,Pointer at USA 0x38a4,False
USA,0xce770,DEMO,0xce2f4,5,octorock,Pointer at USA 0x38b4,False
USA,0xce770,JP,0xce510,5,octorock,Pointer at USA 0x38b4,False
USA,0xcea00,DEMO,0xce584,5,octorock,Pointer at USA 0x38c4,False
USA,0xcea00,JP,0xce7a0,5,octorock,Pointer at USA 0x38c4,False
USA,0xceb04,DEMO,0xce688,5,octorock,Pointer at USA 0x38d4,False
USA,0xceb04,JP,0xce8a4,5,octorock,Pointer at USA 0x38d4,False
USA,0x1234e0,DEMO,0x123eec,5,octorock,Pointer at USA 0x38e4,False
USA,0x1234e0,JP,0x1231a4,5,octorock,Pointer at USA 0x38e4,False
USA,0x123728,DEMO,0x124134,5,octorock,Pointer at USA 0x38f4,False
USA,0x123728,JP,0x1233ec,5,octorock,Pointer at USA 0x38f4,False
USA,0xceb6c,DEMO,0xce6f0,5,octorock,Pointer at USA 0x3904,False
USA,0xceb6c,JP,0xce90c,5,octorock,Pointer at USA 0x3904,False
USA,0xcebd0,DEMO,0xce754,5,octorock,Pointer at USA 0x3914,False
USA,0xcebd0,JP,0xce970,5,octorock,Pointer at USA 0x3914,False
USA,0xcec70,DEMO,0xce7f4,5,octorock,Pointer at USA 0x3924,False
USA,0xcec70,JP,0xcea10,5,octorock,Pointer at USA 0x3924,False
USA,0xcee70,DEMO,0xce9f4,5,octorock,Pointer at USA 0x3934,False
USA,0xcee70,JP,0xcec10,5,octorock,Pointer at USA 0x3934,False
USA,0xcfed4,DEMO,0xcfa58,5,octorock,Pointer at USA 0x3944,False
USA,0xcfed4,JP,0xcfc74,5,octorock,Pointer at USA 0x3944,False
USA,0x129ab0,DEMO,0x12a500,5,octorock,Pointer at USA 0x3954,False
USA,0x129ab0,JP,0x129774,5,octorock,Pointer at USA 0x3954,False
USA,0x129ab0,DEMO,0x12a500,5,octorock,Pointer at USA 0x3964,False
USA,0x129ab0,JP,0x129774,5,octorock,Pointer at USA 0x3964,False
USA,0xcef24,DEMO,0xceaa8,5,octorock,Pointer at USA 0x3974,False
USA,0xcef24,JP,0xcecc4,5,octorock,Pointer at USA 0x3974,False
USA,0x120bbc,DEMO,0x1215c8,5,octorock,Pointer at USA 0x3984,False
USA,0x120bbc,JP,0x120880,5,octorock,Pointer at USA 0x3984,False
USA,0xcf204,DEMO,0xced88,5,octorock,Pointer at USA 0x3994,False
USA,0xcf204,JP,0xcefa4,5,octorock,Pointer at USA 0x3994,False
USA,0x123620,DEMO,0x12402c,5,octorock,Pointer at USA 0x39a4,False
USA,0x123620,JP,0x1232e4,5,octorock,Pointer at USA 0x39a4,False
USA,0x121430,DEMO,0x121e3c,5,octorock,Pointer at USA 0x39b4,False
USA,0x121430,JP,0x1210f4,5,octorock,Pointer at USA 0x39b4,False
USA,0x1237e0,DEMO,0x1241ec,5,octorock,Pointer at USA 0x39c4,False
USA,0x1237e0,JP,0x1234a4,5,octorock,Pointer at USA 0x39c4,False
USA,0x1237e0,DEMO,0x1241ec,5,octorock,Pointer at USA 0x39d4,False
USA,0x1237e0,JP,0x1234a4,5,octorock,Pointer at USA 0x39d4,False
USA,0x12378c,DEMO,0x124198,5,octorock,Pointer at USA 0x39e4,False
USA,0x12378c,JP,0x123450,5,octorock,Pointer at USA 0x39e4,False
USA,0x123834,DEMO,0x124240,5,octorock,Pointer at USA 0x39f4,False
USA,0x123834,JP,0x1234f8,5,octorock,Pointer at USA 0x39f4,False
JP,0x12035c,DEMO,0x1210a4,5,octorock,Pointer at JP 0x3a04,False
JP,0x12035c,USA,0x120698,5,octorock,Pointer at JP 0x3a04,False
JP,0xcf36c,DEMO,0xcf150,5,octorock,Pointer at JP 0x3a14,False
JP,0xcf36c,USA,0xcf5cc,5,octorock,Pointer at JP 0x3a14,False
JP,0xcf9ac,DEMO,0xcf790,5,octorock,Pointer at JP 0x3a24,False
JP,0xcf9ac,USA,0xcfc0c,5,octorock,Pointer at JP 0x3a24,False
JP,0x12930c,DEMO,0x12a098,5,octorock,Pointer at JP 0x3a34,False
JP,0x12930c,USA,0x129648,5,octorock,Pointer at JP 0x3a34,False
JP,0x123b3c,DEMO,0x124884,5,octorock,Pointer at JP 0x3a44,False
JP,0x123b3c,USA,0x123e78,5,octorock,Pointer at JP 0x3a44,False
JP,0x123b60,DEMO,0x1248a8,5,octorock,Pointer at JP 0x3a54,False
JP,0x123b60,USA,0x123e9c,5,octorock,Pointer at JP 0x3a54,False
JP,0x129938,DEMO,0x12a6c4,5,octorock,Pointer at JP 0x3a64,False
JP,0x129938,USA,0x129c74,5,octorock,Pointer at JP 0x3a64,False
JP,0x12288c,DEMO,0x1235d4,5,octorock,Pointer at JP 0x3a74,False
JP,0x12288c,USA,0x122bc8,5,octorock,Pointer at JP 0x3a74,False
JP,0x123be4,DEMO,0x12492c,5,octorock,Pointer at JP 0x3a84,False
JP,0x123be4,USA,0x123f20,5,octorock,Pointer at JP 0x3a84,False
JP,0x123c60,DEMO,0x1249a8,5,octorock,Pointer at JP 0x3a94,False
JP,0x123c60,USA,0x123f9c,5,octorock,Pointer at JP 0x3a94,False
JP,0x12a0b8,DEMO,0x12ae44,5,octorock,Pointer at JP 0x3aa4,False
JP,0x12a0b8,USA,0x12a3f4,5,octorock,Pointer at JP 0x3aa4,False
JP,0x12a0d4,DEMO,0x12ae60,5,octorock,Pointer at JP 0x3ab4,False
JP,0x12a0d4,USA,0x12a410,5,octorock,Pointer at JP 0x3ab4,False
JP,0x123f78,DEMO,0x124cc0,5,octorock,Pointer at JP 0x3ac4,False
JP,0x123f78,USA,0x1242b4,5,octorock,Pointer at JP 0x3ac4,False
JP,0x123b7c,DEMO,0x1248c4,5,octorock,Pointer at JP 0x3ad4,False
JP,0x123b7c,USA,0x123eb8,5,octorock,Pointer at JP 0x3ad4,False
JP,0x1207d4,DEMO,0x12151c,5,octorock,Pointer at JP 0x3ae4,False
JP,0x1207d4,USA,0x120b10,5,octorock,Pointer at JP 0x3ae4,False
JP,0x121ff8,DEMO,0x122d40,5,octorock,Pointer at JP 0x3af4,False
JP,0x121ff8,USA,0x122334,5,octorock,Pointer at JP 0x3af4,False
JP,0xd0470,DEMO,0xd0254,5,octorock,Pointer at JP 0x3b04,False
JP,0xd0470,USA,0xd06d0,5,octorock,Pointer at JP 0x3b04,False
JP,0x121894,DEMO,0x1225dc,5,octorock,Pointer at JP 0x3b14,False
JP,0x121894,USA,0x121bd0,5,octorock,Pointer at JP 0x3b14,False
JP,0xd0830,DEMO,0xd0614,5,octorock,Pointer at JP 0x3b24,False
JP,0xd0830,USA,0xd0a90,5,octorock,Pointer at JP 0x3b24,False
JP,0xd12d0,DEMO,0xd10b4,5,octorock,Pointer at JP 0x3b34,False
JP,0xd12d0,USA,0xd1530,5,octorock,Pointer at JP 0x3b34,False
JP,0xd0f4c,DEMO,0xd0d30,5,octorock,Pointer at JP 0x3b44,False
JP,0xd0f4c,USA,0xd11ac,5,octorock,Pointer at JP 0x3b44,False
JP,0x1245ec,DEMO,0x125334,5,octorock,Pointer at JP 0x3b54,False
JP,0x1245ec,USA,0x124928,5,octorock,Pointer at JP 0x3b54,False
JP,0xd1be4,DEMO,0xd19c8,5,octorock,Pointer at JP 0x3b64,False
JP,0xd1be4,USA,0xd1e44,5,octorock,Pointer at JP 0x3b64,False
JP,0x12a604,DEMO,0x12b390,5,octorock,Pointer at JP 0x3b74,False
JP,0x12a604,USA,0x12a940,5,octorock,Pointer at JP 0x3b74,False
JP,0xd0f4c,DEMO,0xd0d30,5,octorock,Pointer at JP 0x3b84,False
JP,0xd0f4c,USA,0xd11ac,5,octorock,Pointer at JP 0x3b84,False
JP,0xcdc64,DEMO,0xcda48,5,octorock,Pointer at JP 0x3b94,False
JP,0xcdc64,USA,0xcdec4,5,octorock,Pointer at JP 0x3b94,False
JP,0x1248c0,DEMO,0x125608,5,octorock,Pointer at JP 0x3ba4,False
JP,0x1248c0,USA,0x124bfc,5,octorock,Pointer at JP 0x3ba4,False
JP,0x1248c0,DEMO,0x125608,5,octorock,Pointer at JP 0x3bb4,False
JP,0x1248c0,USA,0x124bfc,5,octorock,Pointer at JP 0x3bb4,False
JP,0x124310,DEMO,0x125058,5,octorock,Pointer at JP 0x3bc4,False
JP,0x124310,USA,0x12464c,5,octorock,Pointer at JP 0x3bc4,False
JP,0x12438c,DEMO,0x1250d4,5,octorock,Pointer at JP 0x3bd4,False
JP,0x12438c,USA,0x1246c8,5,octorock,Pointer at JP 0x3bd4,False
JP,0x12a298,DEMO,0x12b024,5,octorock,Pointer at JP 0x3be4,False
JP,0x12a298,USA,0x12a5d4,5,octorock,Pointer at JP 0x3be4,False
JP,0x12a358,DEMO,0x12b0e4,5,octorock,Pointer at JP 0x3bf4,False
JP,0x12a358,USA,0x12a694,5,octorock,Pointer at JP 0x3bf4,False
JP,0x12a14c,DEMO,0x12aed8,5,octorock,Pointer at JP 0x3c04,False
JP,0x12a14c,USA,0x12a488,5,octorock,Pointer at JP 0x3c04,False
JP,0xd1530,DEMO,0xd1314,5,octorock,Pointer at JP 0x3c14,False
JP,0xd1530,USA,0xd1790,5,octorock,Pointer at JP 0x3c14,False
JP,0xd1ad4,DEMO,0xd18b8,5,octorock,Pointer at JP 0x3c24,False
JP,0xd1ad4,USA,0xd1d34,5,octorock,Pointer at JP 0x3c24,False
JP,0x12400c,DEMO,0x124d54,5,octorock,Pointer at JP 0x3c34,False
JP,0x12400c,USA,0x124348,5,octorock,Pointer at JP 0x3c34,False
JP,0xd1758,DEMO,0xd153c,5,octorock,Pointer at JP 0x3c44,False
JP,0xd1758,USA,0xd19b8,5,octorock,Pointer at JP 0x3c44,False
JP,0xd0ae0,DEMO,0xd08c4,5,octorock,Pointer at JP 0x3c54,False
JP,0xd0ae0,USA,0xd0d40,5,octorock,Pointer at JP 0x3c54,False
JP,0xd0b50,DEMO,0xd0934,5,octorock,Pointer at JP 0x3c64,False
JP,0xd0b50,USA,0xd0db0,5,octorock,Pointer at JP 0x3c64,False
JP,0x1244e0,DEMO,0x125228,5,octorock,Pointer at JP 0x3c74,False
JP,0x1244e0,USA,0x12481c,5,octorock,Pointer at JP 0x3c74,False
JP,0xd15fc,DEMO,0xd13e0,5,octorock,Pointer at JP 0x3c84,False
JP,0xd15fc,USA,0xd185c,5,octorock,Pointer at JP 0x3c84,False
JP,0x12a45c,DEMO,0x12b1e8,5,octorock,Pointer at JP 0x3c94,False
JP,0x12a45c,USA,0x12a798,5,octorock,Pointer at JP 0x3c94,False
JP,0x122b94,DEMO,0x1238dc,5,octorock,Pointer at JP 0x3ca4,False
JP,0x122b94,USA,0x122ed0,5,octorock,Pointer at JP 0x3ca4,False
JP,0x112d34,DEMO,0x112bf4,5,octorock,Pointer at JP 0x3cb4,False
JP,0x112d34,USA,0x113070,5,octorock,Pointer at JP 0x3cb4,False
JP,0x124554,DEMO,0x12529c,5,octorock,Pointer at JP 0x3cc4,False
JP,0x124554,USA,0x124890,5,octorock,Pointer at JP 0x3cc4,False
JP,0x12a714,DEMO,0x12b4a0,5,octorock,Pointer at JP 0x3cd4,False
JP,0x12a714,USA,0x12aa50,5,octorock,Pointer at JP 0x3cd4,False
JP,0x113f6c,DEMO,0x113e2c,5,octorock,Pointer at JP 0x3ce4,False
JP,0x113f6c,USA,0x1142a8,5,octorock,Pointer at JP 0x3ce4,False
JP,0x122e04,DEMO,0x123b4c,5,octorock,Pointer at JP 0x3cf4,False
JP,0x122e04,USA,0x123140,5,octorock,Pointer at JP 0x3cf4,False
JP,0x124670,DEMO,0x1253b8,5,octorock,Pointer at JP 0x3d04,False
JP,0x124670,USA,0x1249ac,5,octorock,Pointer at JP 0x3d04,False
JP,0x1246c0,DEMO,0x125408,5,octorock,Pointer at JP 0x3d14,False
JP,0x1246c0,USA,0x1249fc,5,octorock,Pointer at JP 0x3d14,False
JP,0xd2548,DEMO,0xd232c,5,octorock,Pointer at JP 0x3d24,False
JP,0xd2548,USA,0xd27a8,5,octorock,Pointer at JP 0x3d24,False
JP,0xd2014,DEMO,0xd1df8,5,octorock,Pointer at JP 0x3d34,False
JP,0xd2014,USA,0xd2274,5,octorock,Pointer at JP 0x3d34,False
JP,0xd1cc0,DEMO,0xd1aa4,5,octorock,Pointer at JP 0x3d44,False
JP,0xd1cc0,USA,0xd1f20,5,octorock,Pointer at JP 0x3d44,False
JP,0x1141a0,DEMO,0x114060,5,octorock,Pointer at JP 0x3d54,False
JP,0x1141a0,USA,0x1144dc,5,octorock,Pointer at JP 0x3d54,False
JP,0xd2700,DEMO,0xd24e4,5,octorock,Pointer at JP 0x3d64,False
JP,0xd2700,USA,0xd2960,5,octorock,Pointer at JP 0x3d64,False
JP,0x12a504,DEMO,0x12b290,5,octorock,Pointer at JP 0x3d74,False
JP,0x12a504,USA,0x12a840,5,octorock,Pointer at JP 0x3d74,False
JP,0x122e24,DEMO,0x123b6c,5,octorock,Pointer at JP 0x3d84,False
JP,0x122e24,USA,0x123160,5,octorock,Pointer at JP 0x3d84,False
JP,0x124d40,DEMO,0x125a88,5,octorock,Pointer at JP 0x3d94,False
JP,0x124d40,USA,0x12507c,5,octorock,Pointer at JP 0x3d94,False
JP,0xcc680,DEMO,0xcc464,5,octorock,Pointer at JP 0x3da4,False
JP,0xcc680,USA,0xcc8e0,5,octorock,Pointer at JP 0x3da4,False
JP,0xcfe6c,DEMO,0xcfc50,5,octorock,Pointer at JP 0x3db4,False
JP,0xcfe6c,USA,0xd00cc,5,octorock,Pointer at JP 0x3db4,False
JP,0x129718,DEMO,0x12a4a4,5,octorock,Pointer at JP 0x3dc4,False
JP,0x129718,USA,0x129a54,5,octorock,Pointer at JP 0x3dc4,False
JP,0xfdc88,DEMO,0xfdb5c,5,octorock,Pointer at JP 0x3dd4,True
JP,0xfdc88,USA,0xfdfd8,5,octorock,Pointer at JP 0x3dd4,False
JP,0x11b23c,DEMO,0x11b0fc,5,octorock,Pointer at JP 0x3dd8,False
JP,0x11b23c,USA,0x11b578,5,octorock,Pointer at JP 0x3dd8,False
JP,0x2e6520,DEMO,0x2e7324,5,octorock,Pointer at JP 0x3ddc,False
JP,0x2e6520,USA,0x2e68f4,5,octorock,Pointer at JP 0x3ddc,False
JP,0xfdc88,DEMO,0xfdb5c,5,octorock,Pointer at JP 0x3de4,False
JP,0xfdc88,USA,0xfdfd8,5,octorock,Pointer at JP 0x3de4,False
JP,0xfdc88,DEMO,0xfdb5c,5,octorock,Pointer at JP 0x3df4,False
JP,0xfdc88,USA,0xfdfd8,5,octorock,Pointer at JP 0x3df4,False
JP,0x121b14,DEMO,0x12285c,5,octorock,Pointer at JP 0x3e04,False
JP,0x121b14,USA,0x121e50,5,octorock,Pointer at JP 0x3e04,False
JP,0x12444c,DEMO,0x125194,5,octorock,Pointer at JP 0x3e14,False
JP,0x12444c,USA,0x124788,5,octorock,Pointer at JP 0x3e14,False
JP,0x122828,DEMO,0x123570,5,octorock,Pointer at JP 0x3e24,False
JP,0x122828,USA,0x122b64,5,octorock,Pointer at JP 0x3e24,False
JP,0x110490,DEMO,0x110350,5,octorock,Pointer at JP 0x3e34,False
JP,0x110490,USA,0x1107cc,5,octorock,Pointer at JP 0x3e34,True
JP,0x11b604,DEMO,0x11b4c4,5,octorock,Pointer at JP 0x3e38,False
JP,0x11b604,USA,0x11b940,5,octorock,Pointer at JP 0x3e38,False
JP,0x2f2420,DEMO,0x2f3224,5,octorock,Pointer at JP 0x3e3c,False
JP,0x2f2420,USA,0x2f27f4,5,octorock,Pointer at JP 0x3e3c,False
DEMO,0xc8f64,JP,0xc9180,5,octorock,Pointer at DEMO 0x4698,False
DEMO,0xc8f64,USA,0xc93e0,5,octorock,Pointer at DEMO 0x4698,False
DEMO,0x7eee9,JP,0x7f111,5,octorock,Pointer at DEMO 0x8b78,False
DEMO,0x7eee9,USA,0x7f2d5,5,octorock,Pointer at DEMO 0x8b78,False
DEMO,0x6bb09,JP,0x6b9f1,1,octorock,Pointer at DEMO 0x8b7e,True
DEMO,0x6bb09,USA,0x6bbb1,1,octorock,Pointer at DEMO 0x8b7e,False
JP,0x7f111,DEMO,0x7eee9,4,octorock,Pointer at JP 0x8bac,False
JP,0x7f111,USA,0x7f2d5,4,octorock,Pointer at JP 0x8bac,False
JP,0x7f111,DEMO,0x7eee9,4,octorock,Pointer at JP 0x8be0,False
JP,0x7f111,USA,0x7f2d5,4,octorock,Pointer at JP 0x8be0,False
JP,0x6b875,DEMO,0x6b98d,4,octorock,Pointer at JP 0x8be8,True
JP,0x6b875,USA,0x6ba35,4,octorock,Pointer at JP 0x8be8,False
JP,0x6b95d,DEMO,0x6ba75,4,octorock,Pointer at JP 0x8bf4,False
JP,0x6b95d,USA,0x6bb1d,4,octorock,Pointer at JP 0x8bf4,False
JP,0x7f111,DEMO,0x7eee9,4,octorock,Pointer at JP 0x8bfe,False
JP,0x7f111,USA,0x7f2d5,4,octorock,Pointer at JP 0x8bfe,False
JP,0x6b95d,DEMO,0x6ba75,4,octorock,Pointer at JP 0x8c04,False
JP,0x6b95d,USA,0x6bb1d,4,octorock,Pointer at JP 0x8c04,False
JP,0x6b9bd,DEMO,0x6bad5,4,octorock,Pointer at JP 0x8c0e,False
JP,0x6b9bd,USA,0x6bb7d,4,octorock,Pointer at JP 0x8c0e,False
JP,0xd6524,DEMO,0xd6308,4,octorock,Pointer at JP 0x8c1e,False
JP,0xd6524,USA,0xd6784,4,octorock,Pointer at JP 0x8c1e,False
JP,0x7f111,DEMO,0x7eee9,4,octorock,Pointer at JP 0x8c3c,False
JP,0x7f111,USA,0x7f2d5,4,octorock,Pointer at JP 0x8c3c,False
JP,0x64b49,DEMO,0x64c61,4,octorock,Pointer at JP 0x8c94,True
JP,0x64b49,USA,0x64d09,4,octorock,Pointer at JP 0x8c94,False
JP,0x64b51,DEMO,0x64c69,4,octorock,Pointer at JP 0x8ca0,False
JP,0x64b51,USA,0x64d11,4,octorock,Pointer at JP 0x8ca0,False
USA,0x64d09,DEMO,0x64c61,4,octorock,Pointer at USA 0x8cb2,False
USA,0x64d09,JP,0x64b49,4,octorock,Pointer at USA 0x8cb2,False
USA,0x64d11,DEMO,0x64c69,4,octorock,Pointer at USA 0x8cbe,False
USA,0x64d11,JP,0x64b51,4,octorock,Pointer at USA 0x8cbe,False
USA,0xc9160,DEMO,0xc8ce4,4,octorock,Pointer at USA 0x8b44,False
USA,0xc9160,JP,0xc8f00,4,octorock,Pointer at USA 0x8b44,False
USA,0x64d09,DEMO,0x64c61,4,octorock,Pointer at USA 0x8d10,False
USA,0x64d09,JP,0x64b49,4,octorock,Pointer at USA 0x8d10,False
USA,0x64d11,DEMO,0x64c69,4,octorock,Pointer at USA 0x8d1c,False
USA,0x64d11,JP,0x64b51,4,octorock,Pointer at USA 0x8d1c,False
USA,0x64d09,DEMO,0x64c61,4,octorock,Pointer at USA 0x8d2e,False
USA,0x64d09,JP,0x64b49,4,octorock,Pointer at USA 0x8d2e,False
USA,0x64d11,DEMO,0x64c69,4,octorock,Pointer at USA 0x8d3a,False
USA,0x64d11,JP,0x64b51,4,octorock,Pointer at USA 0x8d3a,False
USA,0x61fd9,DEMO,0x61f31,4,octorock,Pointer at USA 0x8d90,False
USA,0x61fd9,JP,0x61e19,4,octorock,Pointer at USA 0x8d90,True
USA,0x61e71,DEMO,0x61dc9,4,octorock,Pointer at USA 0x8d96,False
USA,0x61e71,JP,0x61cb1,4,octorock,Pointer at USA 0x8d96,True
USA,0x61fd9,DEMO,0x61f31,4,octorock,Pointer at USA 0x8dac,False
USA,0x61fd9,JP,0x61e19,4,octorock,Pointer at USA 0x8dac,False
USA,0x62049,DEMO,0x61fa1,4,octorock,Pointer at USA 0x8db2,False
USA,0x62049,JP,0x61e89,4,octorock,Pointer at USA 0x8db2,False
USA,0x7f3d9,DEMO,0x7efed,4,octorock,Pointer at USA 0x8dce,False
USA,0x7f3d9,JP,0x7f215,4,octorock,Pointer at USA 0x8dce,False
USA,0x7f3d9,DEMO,0x7efed,4,octorock,Pointer at USA 0x8de4,False
USA,0x7f3d9,JP,0x7f215,4,octorock,Pointer at USA 0x8de4,False
USA,0x643d9,DEMO,0x64331,4,octorock,Pointer at USA 0x8dee,False
USA,0x643d9,JP,0x64219,4,octorock,Pointer at USA 0x8dee,False
USA,0x7f3d9,DEMO,0x7efed,4,octorock,Pointer at USA 0x8dfc,False
USA,0x7f3d9,JP,0x7f215,4,octorock,Pointer at USA 0x8dfc,False
USA,0x7f9a5,DEMO,0x7f5b9,4,octorock,Pointer at USA 0x8e22,False
USA,0x7f9a5,JP,0x7f7e1,4,octorock,Pointer at USA 0x8e22,False
USA,0x7df29,DEMO,0x7db3d,4,octorock,Pointer at USA 0x8e28,False
USA,0x7df29,JP,0x7dd65,4,octorock,Pointer at USA 0x8e28,False
USA,0x7f421,DEMO,0x7f035,4,octorock,Pointer at USA 0x8f42,False
USA,0x7f421,JP,0x7f25d,4,octorock,Pointer at USA 0x8f42,False
USA,0x6dcc1,DEMO,0x6dc19,4,octorock,Pointer at USA 0x8f60,False
USA,0x6dcc1,JP,0x6dafd,4,octorock,Pointer at USA 0x8f60,True
USA,0x7df51,DEMO,0x7db65,4,octorock,Pointer at USA 0x8f66,False
USA,0x7df51,JP,0x7dd8d,4,octorock,Pointer at USA 0x8f66,False
USA,0x791bd,DEMO,0x79115,4,octorock,Pointer at USA 0x8fb8,False
USA,0x791bd,JP,0x78ff9,4,octorock,Pointer at USA 0x8fb8,False
USA,0x7f919,DEMO,0x7f52d,4,octorock,Pointer at USA 0x8fc8,False
USA,0x7f919,JP,0x7f755,4,octorock,Pointer at USA 0x8fc8,False
USA,0x7f239,DEMO,0x7ee4d,4,octorock,Pointer at USA 0x8fd6,False
USA,0x7f239,JP,0x7f075,4,octorock,Pointer at USA 0x8fd6,False
USA,0x7f305,DEMO,0x7ef19,4,octorock,Pointer at USA 0x8fe0,False
USA,0x7f305,JP,0x7f141,4,octorock,Pointer at USA 0x8fe0,False
USA,0x791bd,DEMO,0x79115,4,octorock,Pointer at USA 0x8ff4,False
USA,0x791bd,JP,0x78ff9,4,octorock,Pointer at USA 0x8ff4,False
USA,0x7f349,DEMO,0x7ef5d,4,octorock,Pointer at USA 0x9084,False
USA,0x7f349,JP,0x7f185,4,octorock,Pointer at USA 0x9084,False
USA,0x6673d,DEMO,0x66695,4,octorock,Pointer at USA 0x9188,False
USA,0x6673d,JP,0x6657d,4,octorock,Pointer at USA 0x9188,False
USA,0x7f349,DEMO,0x7ef5d,4,octorock,Pointer at USA 0x919c,False
USA,0x7f349,JP,0x7f185,4,octorock,Pointer at USA 0x919c,False
USA,0x668f1,DEMO,0x66849,4,octorock,Pointer at USA 0x9280,False
USA,0x668f1,JP,0x66731,4,octorock,Pointer at USA 0x9280,False
USA,0x66905,DEMO,0x6685d,4,octorock,Pointer at USA 0x9296,False
USA,0x66905,JP,0x66745,4,octorock,Pointer at USA 0x9296,False
USA,0x6672d,DEMO,0x66685,4,octorock,Pointer at USA 0x92e0,False
USA,0x6672d,JP,0x6656d,4,octorock,Pointer at USA 0x92e0,False
USA,0x66e39,DEMO,0x66d91,4,octorock,Pointer at USA 0x92f8,False
USA,0x66e39,JP,0x66c79,4,octorock,Pointer at USA 0x92f8,False
USA,0x6d651,DEMO,0x6d5a9,4,octorock,Pointer at USA 0x9324,False
USA,0x6d651,JP,0x6d48d,4,octorock,Pointer at USA 0x9324,True
USA,0x7df29,DEMO,0x7db3d,4,octorock,Pointer at USA 0x9358,False
USA,0x7df29,JP,0x7dd65,4,octorock,Pointer at USA 0x9358,False
USA,0x6d639,DEMO,0x6d591,4,octorock,Pointer at USA 0x935e,False
USA,0x6d639,JP,0x6d475,4,octorock,Pointer at USA 0x935e,True
JP,0x6d47d,DEMO,0x6d599,4,octorock,Pointer at JP 0x937a,False
JP,0x6d47d,USA,0x6d641,4,octorock,Pointer at JP 0x937a,False
JP,0x7dd8d,DEMO,0x7db65,4,octorock,Pointer at JP 0x9390,False
JP,0x7dd8d,USA,0x7df51,4,octorock,Pointer at JP 0x9390,False
JP,0x6d5c5,USA,0x6d789,4,octorock,Pointer at JP 0x93c6,False
JP,0x6d5c5,DEMO,0x6d6e1,4,octorock,Pointer at JP 0x93c6,False
JP,0x6d549,USA,0x6d70d,4,octorock,Pointer at JP 0x93d2,False
JP,0x6d549,DEMO,0x6d665,4,octorock,Pointer at JP 0x93d2,False
JP,0x6d50d,USA,0x6d6d1,4,octorock,Pointer at JP 0x940e,False
JP,0x6d50d,DEMO,0x6d629,4,octorock,Pointer at JP 0x940e,False
JP,0xf98f0,USA,0xf9c38,4,octorock,Pointer at JP 0x9404,True
JP,0xf98f0,DEMO,0xf97bc,4,octorock,Pointer at JP 0x9404,False
JP,0x6d549,USA,0x6d70d,4,octorock,Pointer at JP 0x9418,False
JP,0x6d549,DEMO,0x6d665,4,octorock,Pointer at JP 0x9418,False
JP,0x6d411,USA,0x6d5d5,4,octorock,Pointer at JP 0x942a,True
JP,0x6d411,DEMO,0x6d52d,4,octorock,Pointer at JP 0x942a,False
JP,0x6d43d,USA,0x6d601,4,octorock,Pointer at JP 0x9440,False
JP,0x6d43d,DEMO,0x6d559,4,octorock,Pointer at JP 0x9440,False
JP,0x6d589,USA,0x6d74d,4,octorock,Pointer at JP 0x945a,False
JP,0x6d589,DEMO,0x6d6a5,4,octorock,Pointer at JP 0x945a,False
JP,0x6d549,USA,0x6d70d,4,octorock,Pointer at JP 0x947a,False
JP,0x6d549,DEMO,0x6d665,4,octorock,Pointer at JP 0x947a,False
JP,0xf9910,USA,0xf9c58,4,octorock,Pointer at JP 0x9470,False
JP,0xf9910,DEMO,0xf97dc,4,octorock,Pointer at JP 0x9470,False
JP,0x6d45d,USA,0x6d621,4,octorock,Pointer at JP 0x9488,False
JP,0x6d45d,DEMO,0x6d579,4,octorock,Pointer at JP 0x9488,False
JP,0x6d601,USA,0x6d7c5,4,octorock,Pointer at JP 0x94a8,False
JP,0x6d601,DEMO,0x6d71d,4,octorock,Pointer at JP 0x94a8,False
JP,0x6d641,USA,0x6d805,4,octorock,Pointer at JP 0x94d0,False
JP,0x6d641,DEMO,0x6d75d,4,octorock,Pointer at JP 0x94d0,False
JP,0x6d695,USA,0x6d859,4,octorock,Pointer at JP 0x94e6,False
JP,0x6d695,DEMO,0x6d7b1,4,octorock,Pointer at JP 0x94e6,False
JP,0x66f41,USA,0x67101,4,octorock,Pointer at JP 0x9500,False
JP,0x66f41,DEMO,0x67059,4,octorock,Pointer at JP 0x9500,False
USA,0x670b5,DEMO,0x6700d,4,octorock,Pointer at USA 0x9522,False
USA,0x670b5,JP,0x66ef5,4,octorock,Pointer at USA 0x9522,False
USA,0x67101,DEMO,0x67059,4,octorock,Pointer at USA 0x953c,False
USA,0x67101,JP,0x66f41,4,octorock,Pointer at USA 0x953c,False
USA,0x670e5,DEMO,0x6703d,4,octorock,Pointer at USA 0x955e,False
USA,0x670e5,JP,0x66f25,4,octorock,Pointer at USA 0x955e,False
USA,0x67315,DEMO,0x6726d,4,octorock,Pointer at USA 0x9578,False
USA,0x67315,JP,0x67155,4,octorock,Pointer at USA 0x9578,False
USA,0x672b1,DEMO,0x67209,5,octorock,Pointer at USA 0x958c,False
USA,0x672b1,JP,0x670f1,5,octorock,Pointer at USA 0x958c,False
USA,0x672c9,DEMO,0x67221,4,octorock,Pointer at USA 0x95aa,False
USA,0x672c9,JP,0x67109,4,octorock,Pointer at USA 0x95aa,False
USA,0x672b1,DEMO,0x67209,4,octorock,Pointer at USA 0x95a4,False
USA,0x672b1,JP,0x670f1,4,octorock,Pointer at USA 0x95a4,False
USA,0x672b1,DEMO,0x67209,4,octorock,Pointer at USA 0x95c2,False
USA,0x672b1,JP,0x670f1,4,octorock,Pointer at USA 0x95c2,False
USA,0x6be3d,DEMO,0x6bd95,4,octorock,Pointer at USA 0x95d0,False
USA,0x6be3d,JP,0x6bc7d,4,octorock,Pointer at USA 0x95d0,False
USA,0x6bf45,DEMO,0x6be9d,4,octorock,Pointer at USA 0x95e0,False
USA,0x6bf45,JP,0x6bd85,4,octorock,Pointer at USA 0x95e0,False
USA,0x6be85,DEMO,0x6bddd,4,octorock,Pointer at USA 0x9602,False
USA,0x6be85,JP,0x6bcc5,4,octorock,Pointer at USA 0x9602,False
USA,0x6bf45,DEMO,0x6be9d,4,octorock,Pointer at USA 0x9648,False
USA,0x6bf45,JP,0x6bd85,4,octorock,Pointer at USA 0x9648,False
USA,0x6be3d,DEMO,0x6bd95,4,octorock,Pointer at USA 0x9654,False
USA,0x6be3d,JP,0x6bc7d,4,octorock,Pointer at USA 0x9654,False
USA,0x6bec9,DEMO,0x6be21,4,octorock,Pointer at USA 0x9670,False
USA,0x6bec9,JP,0x6bd09,4,octorock,Pointer at USA 0x9670,False
USA,0x6befd,DEMO,0x6be55,4,octorock,Pointer at USA 0x968a,False
USA,0x6befd,JP,0x6bd3d,4,octorock,Pointer at USA 0x968a,False
USA,0x7f9a5,DEMO,0x7f5b9,4,octorock,Pointer at USA 0x96bc,False
USA,0x7f9a5,JP,0x7f7e1,4,octorock,Pointer at USA 0x96bc,False
USA,0x7df29,DEMO,0x7db3d,4,octorock,Pointer at USA 0x96c2,False
USA,0x7df29,JP,0x7dd65,4,octorock,Pointer at USA 0x96c2,False
USA,0xd9048,DEMO,0xd8bcc,4,octorock,Pointer at USA 0x96dc,False
USA,0xd9048,JP,0xd8de8,4,octorock,Pointer at USA 0x96dc,False
USA,0x7df51,DEMO,0x7db65,4,octorock,Pointer at USA 0x96f6,False
USA,0x7df51,JP,0x7dd8d,4,octorock,Pointer at USA 0x96f6,False
USA,0x8692d,DEMO,0x86541,4,octorock,Pointer at USA 0x96fe,False
USA,0x8692d,JP,0x8674d,4,octorock,Pointer at USA 0x96fe,True
USA,0x791bd,DEMO,0x79115,4,octorock,Pointer at USA 0x973a,False
USA,0x791bd,JP,0x78ff9,4,octorock,Pointer at USA 0x973a,False
USA,0x65d01,DEMO,0x65c59,4,octorock,Pointer at USA 0x9744,False
USA,0x65d01,JP,0x65b41,4,octorock,Pointer at USA 0x9744,False
USA,0x65f65,DEMO,0x65ebd,4,octorock,Pointer at USA 0x976a,False
USA,0x65f65,JP,0x65da5,4,octorock,Pointer at USA 0x976a,False
USA,0x7f9a5,DEMO,0x7f5b9,4,octorock,Pointer at USA 0x977c,False
USA,0x7f9a5,JP,0x7f7e1,4,octorock,Pointer at USA 0x977c,False
USA,0x7f40d,DEMO,0x7f021,4,octorock,Pointer at USA 0x978c,False
USA,0x7f40d,JP,0x7f249,4,octorock,Pointer at USA 0x978c,False
USA,0x7df29,DEMO,0x7db3d,4,octorock,Pointer at USA 0x9782,False
USA,0x7df29,JP,0x7dd65,4,octorock,Pointer at USA 0x9782,False
USA,0x7df51,DEMO,0x7db65,4,octorock,Pointer at USA 0x97e4,False
USA,0x7df51,JP,0x7dd8d,4,octorock,Pointer at USA 0x97e4,False
USA,0x7f349,DEMO,0x7ef5d,4,octorock,Pointer at USA 0x9800,False
USA,0x7f349,JP,0x7f185,4,octorock,Pointer at USA 0x9800,False
USA,0x7f1a1,DEMO,0x7edb5,4,octorock,Pointer at USA 0x9812,False
USA,0x7f1a1,JP,0x7efdd,4,octorock,Pointer at USA 0x9812,False
USA,0x7fbd5,DEMO,0x7f7e9,4,octorock,Pointer at USA 0x982a,False
USA,0x7fbd5,JP,0x7fa11,4,octorock,Pointer at USA 0x982a,False
USA,0x7f349,DEMO,0x7ef5d,4,octorock,Pointer at USA 0x9848,False
USA,0x7f349,JP,0x7f185,4,octorock,Pointer at USA 0x9848,False
USA,0x7fbd5,DEMO,0x7f7e9,4,octorock,Pointer at USA 0x9866,False
USA,0x7fbd5,JP,0x7fa11,4,octorock,Pointer at USA 0x9866,False
USA,0x9e0a1,DEMO,0x9dcb5,4,octorock,Pointer at USA 0x9856,False
USA,0x9e0a1,JP,0x9de69,4,octorock,Pointer at USA 0x9856,True
USA,0x9e0d5,DEMO,0x9dce9,4,octorock,Pointer at USA 0x985c,False
USA,0x9e0d5,JP,0x9de9d,4,octorock,Pointer at USA 0x985c,False
USA,0x7f36d,DEMO,0x7ef81,4,octorock,Pointer at USA 0x988a,False
USA,0x7f36d,JP,0x7f1a9,4,octorock,Pointer at USA 0x988a,False
USA,0x7f1e9,DEMO,0x7edfd,4,octorock,Pointer at USA 0x9898,False
USA,0x7f1e9,JP,0x7f025,4,octorock,Pointer at USA 0x9898,False
USA,0x7f211,DEMO,0x7ee25,4,octorock,Pointer at USA 0x98b6,False
USA,0x7f211,JP,0x7f04d,4,octorock,Pointer at USA 0x98b6,False
USA,0x791bd,DEMO,0x79115,4,octorock,Pointer at USA 0x98cc,False
USA,0x791bd,JP,0x78ff9,4,octorock,Pointer at USA 0x98cc,False
USA,0x7f9a5,DEMO,0x7f5b9,4,octorock,Pointer at USA 0x98f8,False
USA,0x7f9a5,JP,0x7f7e1,4,octorock,Pointer at USA 0x98f8,False
USA,0x7df29,DEMO,0x7db3d,4,octorock,Pointer at USA 0x98fe,False
USA,0x7df29,JP,0x7dd65,4,octorock,Pointer at USA 0x98fe,False
USA,0x7df51,DEMO,0x7db65,4,octorock,Pointer at USA 0x990a,False
USA,0x7df51,JP,0x7dd8d,4,octorock,Pointer at USA 0x990a,False
USA,0x7df29,DEMO,0x7db3d,4,octorock,Pointer at USA 0x991c,False
USA,0x7df29,JP,0x7dd65,4,octorock,Pointer at USA 0x991c,False
USA,0x7df51,DEMO,0x7db65,4,octorock,Pointer at USA 0x9942,False
USA,0x7df51,JP,0x7dd8d,4,octorock,Pointer at USA 0x9942,False
USA,0x7921d,DEMO,0x79175,4,octorock,Pointer at USA 0x994a,False
USA,0x7921d,JP,0x79059,4,octorock,Pointer at USA 0x994a,False
USA,0x7f349,DEMO,0x7ef5d,4,octorock,Pointer at USA 0x9954,False
USA,0x7f349,JP,0x7f185,4,octorock,Pointer at USA 0x9954,False
USA,0x53635,DEMO,0x535a5,4,octorock,Pointer at USA 0x99d6,True
USA,0x53635,JP,0x534b9,4,octorock,Pointer at USA 0x99d6,True
USA,0x7f349,DEMO,0x7ef5d,4,octorock,Pointer at USA 0x99e0,False
USA,0x7f349,JP,0x7f185,4,octorock,Pointer at USA 0x99e0,False
USA,0x66259,DEMO,0x661b1,4,octorock,Pointer at USA 0x9a3a,False
USA,0x66259,JP,0x66099,4,octorock,Pointer at USA 0x9a3a,False
USA,0x66259,DEMO,0x661b1,4,octorock,Pointer at USA 0x9a44,False
USA,0x66259,JP,0x66099,4,octorock,Pointer at USA 0x9a44,False
USA,0x53649,DEMO,0x535b9,4,octorock,Pointer at USA 0x9a78,False
USA,0x53649,JP,0x534cd,4,octorock,Pointer at USA 0x9a78,False
USA,0x5367d,DEMO,0x535ed,4,octorock,Pointer at USA 0x9b28,False
USA,0x5367d,JP,0x53501,4,octorock,Pointer at USA 0x9b28,False
USA,0x7df29,DEMO,0x7db3d,4,octorock,Pointer at USA 0x9b34,False
USA,0x7df29,JP,0x7dd65,4,octorock,Pointer at USA 0x9b34,False
USA,0x7529d,DEMO,0x751f5,4,octorock,Pointer at USA 0x9b52,False
USA,0x7529d,JP,0x750d9,4,octorock,Pointer at USA 0x9b52,False
USA,0x53251,DEMO,0x531c1,4,octorock,Pointer at USA 0x9b64,True
USA,0x53251,JP,0x530d5,4,octorock,Pointer at USA 0x9b64,True
USA,0x7df51,DEMO,0x7db65,4,octorock,Pointer at USA 0x9b6c,False
USA,0x7df51,JP,0x7dd8d,4,octorock,Pointer at USA 0x9b6c,False
USA,0x791d1,DEMO,0x79129,4,octorock,Pointer at USA 0x9b72,False
USA,0x791d1,JP,0x7900d,4,octorock,Pointer at USA 0x9b72,False
USA,0x7f349,DEMO,0x7ef5d,4,octorock,Pointer at USA 0x9b86,False
USA,0x7f349,JP,0x7f185,4,octorock,Pointer at USA 0x9b86,False
USA,0x7df29,DEMO,0x7db3d,4,octorock,Pointer at USA 0x9ba4,False
USA,0x7df29,JP,0x7dd65,4,octorock,Pointer at USA 0x9ba4,False
USA,0x53251,DEMO,0x531c1,4,octorock,Pointer at USA 0x9c2a,False
USA,0x53251,JP,0x530d5,4,octorock,Pointer at USA 0x9c2a,False
USA,0x7f349,DEMO,0x7ef5d,4,octorock,Pointer at USA 0x9c74,False
USA,0x7f349,JP,0x7f185,4,octorock,Pointer at USA 0x9c74,False
USA,0x536a9,DEMO,0x53619,4,octorock,Pointer at USA 0x9cda,False
USA,0x536a9,JP,0x5352d,4,octorock,Pointer at USA 0x9cda,False
USA,0x7df51,DEMO,0x7db65,4,octorock,Pointer at USA 0x9cea,False
USA,0x7df51,JP,0x7dd8d,4,octorock,Pointer at USA 0x9cea,False
USA,0x791d1,DEMO,0x79129,4,octorock,Pointer at USA 0x9cf0,False
USA,0x791d1,JP,0x7900d,4,octorock,Pointer at USA 0x9cf0,False
USA,0x5368d,DEMO,0x535fd,4,octorock,Pointer at USA 0x9d8a,False
USA,0x5368d,JP,0x53511,4,octorock,Pointer at USA 0x9d8a,False
USA,0x53635,DEMO,0x535a5,4,octorock,Pointer at USA 0x9da6,False
USA,0x53635,JP,0x534b9,4,octorock,Pointer at USA 0x9da6,False
USA,0x7f349,DEMO,0x7ef5d,4,octorock,Pointer at USA 0x9db4,False
USA,0x7f349,JP,0x7f185,4,octorock,Pointer at USA 0x9db4,False
USA,0x66289,DEMO,0x661e1,4,octorock,Pointer at USA 0x9dba,False
USA,0x66289,JP,0x660c9,4,octorock,Pointer at USA 0x9dba,False
USA,0x66275,DEMO,0x661cd,4,octorock,Pointer at USA 0x9dc0,False
USA,0x66275,JP,0x660b5,4,octorock,Pointer at USA 0x9dc0,False
USA,0x6622d,DEMO,0x66185,4,octorock,Pointer at USA 0x9dda,False
USA,0x6622d,JP,0x6606d,4,octorock,Pointer at USA 0x9dda,False
USA,0x7f9a5,DEMO,0x7f5b9,4,octorock,Pointer at USA 0x9e00,False
USA,0x7f9a5,JP,0x7f7e1,4,octorock,Pointer at USA 0x9e00,False
USA,0x7df29,DEMO,0x7db3d,4,octorock,Pointer at USA 0x9e14,False
USA,0x7df29,JP,0x7dd65,4,octorock,Pointer at USA 0x9e14,False
USA,0x4e865,DEMO,0x4e8e1,4,octorock,Pointer at USA 0x9e22,True
USA,0x4e865,JP,0x4e741,4,octorock,Pointer at USA 0x9e22,True
USA,0x7df51,DEMO,0x7db65,4,octorock,Pointer at USA 0x9e44,False
USA,0x7df51,JP,0x7dd8d,4,octorock,Pointer at USA 0x9e44,False
USA,0x7df29,DEMO,0x7db3d,4,octorock,Pointer at USA 0x9e5c,False
USA,0x7df29,JP,0x7dd65,4,octorock,Pointer at USA 0x9e5c,False
USA,0x7df29,DEMO,0x7db3d,4,octorock,Pointer at USA 0x9e8c,False
USA,0x7df29,JP,0x7dd65,4,octorock,Pointer at USA 0x9e8c,False
USA,0x7f0d9,DEMO,0x7eced,4,octorock,Pointer at USA 0x9ea6,False
USA,0x7f0d9,JP,0x7ef15,4,octorock,Pointer at USA 0x9ea6,False
USA,0x53251,DEMO,0x531c1,4,octorock,Pointer at USA 0x9eb8,False
USA,0x53251,JP,0x530d5,4,octorock,Pointer at USA 0x9eb8,False
USA,0x7df51,DEMO,0x7db65,4,octorock,Pointer at USA 0x9ec0,False
USA,0x7df51,JP,0x7dd8d,4,octorock,Pointer at USA 0x9ec0,False
USA,0x791d1,DEMO,0x79129,4,octorock,Pointer at USA 0x9ec6,False
USA,0x791d1,JP,0x7900d,4,octorock,Pointer at USA 0x9ec6,False
USA,0x60091,DEMO,0x5ffe9,4,octorock,Pointer at USA 0x9f1c,False
USA,0x60091,JP,0x5fed1,4,octorock,Pointer at USA 0x9f1c,True
USA,0x60159,DEMO,0x600b1,4,octorock,Pointer at USA 0x9f3c,False
USA,0x60159,JP,0x5ff99,4,octorock,Pointer at USA 0x9f3c,False
USA,0x7df29,DEMO,0x7db3d,4,octorock,Pointer at USA 0x9f4c,False
USA,0x7df29,JP,0x7dd65,4,octorock,Pointer at USA 0x9f4c,False
USA,0x6014d,DEMO,0x600a5,4,octorock,Pointer at USA 0x9f62,False
USA,0x6014d,JP,0x5ff8d,4,octorock,Pointer at USA 0x9f62,False
USA,0x7df51,DEMO,0x7db65,4,octorock,Pointer at USA 0x9f7e,False
USA,0x7df51,JP,0x7dd8d,4,octorock,Pointer at USA 0x9f7e,False
USA,0x60159,DEMO,0x600b1,4,octorock,Pointer at USA 0x9f8c,False
USA,0x60159,JP,0x5ff99,4,octorock,Pointer at USA 0x9f8c,False
USA,0x602bd,DEMO,0x60215,4,octorock,Pointer at USA 0x9f9c,False
USA,0x602bd,JP,0x600fd,4,octorock,Pointer at USA 0x9f9c,False
USA,0x7f971,DEMO,0x7f585,4,octorock,Pointer at USA 0x9fa4,False
USA,0x7f971,JP,0x7f7ad,4,octorock,Pointer at USA 0x9fa4,False
USA,0x6030d,DEMO,0x60265,4,octorock,Pointer at USA 0x9fc0,False
USA,0x6030d,JP,0x6014d,4,octorock,Pointer at USA 0x9fc0,False
USA,0x60159,DEMO,0x600b1,4,octorock,Pointer at USA 0x9fe2,False
USA,0x60159,JP,0x5ff99,4,octorock,Pointer at USA 0x9fe2,False
USA,0x60319,DEMO,0x60271,4,octorock,Pointer at USA 0xa00c,False
USA,0x60319,JP,0x60159,4,octorock,Pointer at USA 0xa00c,False
USA,0x60159,DEMO,0x600b1,4,octorock,Pointer at USA 0xa02a,False
USA,0x60159,JP,0x5ff99,4,octorock,Pointer at USA 0xa02a,False
USA,0x60319,DEMO,0x60271,4,octorock,Pointer at USA 0xa06e,True
USA,0x60319,JP,0x60159,4,octorock,Pointer at USA 0xa06e,True
USA,0x791bd,DEMO,0x79115,4,octorock,Pointer at USA 0xa0ae,True
USA,0x791bd,JP,0x78ff9,4,octorock,Pointer at USA 0xa0ae,True
USA,0x7df29,DEMO,0x7db3d,4,octorock,Pointer at USA 0xa0be,True
USA,0x7df29,JP,0x7dd65,4,octorock,Pointer at USA 0xa0be,True
USA,0xa0465,DEMO,0xa0079,4,octorock,Pointer at USA 0xa0ce,True
USA,0xa0465,JP,0xa022d,4,octorock,Pointer at USA 0xa0ce,True
USA,0x7df29,DEMO,0x7db3d,4,octorock,Pointer at USA 0xa10c,True
USA,0x7df29,JP,0x7dd65,4,octorock,Pointer at USA 0xa10c,True
USA,0x7fbfd,DEMO,0x7f811,4,octorock,Pointer at USA 0xa114,True
USA,0x7fbfd,JP,0x7fa39,4,octorock,Pointer at USA 0xa114,True
USA,0x7f845,DEMO,0x7f459,4,octorock,Pointer at USA 0xa120,True
USA,0x7f845,JP,0x7f681,4,octorock,Pointer at USA 0xa120,True
USA,0x7f75d,DEMO,0x7f371,4,octorock,Pointer at USA 0xa128,True
USA,0x7f75d,JP,0x7f599,4,octorock,Pointer at USA 0xa128,True
USA,0x94ae9,DEMO,0x946fd,4,octorock,Pointer at USA 0xa132,True
USA,0x94ae9,JP,0x948b1,4,octorock,Pointer at USA 0xa132,True
USA,0x6da1d,DEMO,0x6d975,4,octorock,Pointer at USA 0xa150,True
USA,0x6da1d,JP,0x6d859,4,octorock,Pointer at USA 0xa150,True
USA,0x7f98d,DEMO,0x7f5a1,4,octorock,Pointer at USA 0xa17a,True
USA,0x7f98d,JP,0x7f7c9,4,octorock,Pointer at USA 0xa17a,True
USA,0x960c5,DEMO,0x95cd9,4,octorock,Pointer at USA 0xa184,True
USA,0x960c5,JP,0x95e8d,4,octorock,Pointer at USA 0xa184,True
USA,0x7f995,DEMO,0x7f5a9,4,octorock,Pointer at USA 0xa1c0,True
USA,0x7f995,JP,0x7f7d1,4,octorock,Pointer at USA 0xa1c0,True
USA,0x7df29,DEMO,0x7db3d,4,octorock,Pointer at USA 0xa1de,True
USA,0x7df29,JP,0x7dd65,4,octorock,Pointer at USA 0xa1de,True
USA,0x7f845,DEMO,0x7f459,4,octorock,Pointer at USA 0xa1ea,True
USA,0x7f845,JP,0x7f681,4,octorock,Pointer at USA 0xa1ea,True
USA,0x7f75d,DEMO,0x7f371,4,octorock,Pointer at USA 0xa1f2,True
USA,0x7f75d,JP,0x7f599,4,octorock,Pointer at USA 0xa1f2,True
USA,0x7f3f9,DEMO,0x7f00d,4,octorock,Pointer at USA 0xa25e,True
USA,0x7f3f9,JP,0x7f235,4,octorock,Pointer at USA 0xa25e,True
USA,0x6da1d,DEMO,0x6d975,4,octorock,Pointer at USA 0xa302,True
USA,0x6da1d,JP,0x6d859,4,octorock,Pointer at USA 0xa302,True
USA,0x791bd,DEMO,0x79115,4,octorock,Pointer at USA 0xa33a,True
USA,0x791bd,JP,0x78ff9,4,octorock,Pointer at USA 0xa33a,True
USA,0x7f3d9,DEMO,0x7efed,4,octorock,Pointer at USA 0xa354,True
USA,0x7f3d9,JP,0x7f215,4,octorock,Pointer at USA 0xa354,True
USA,0x7f2d5,DEMO,0x7eee9,4,octorock,Pointer at USA 0xa36e,True
USA,0x7f2d5,JP,0x7f111,4,octorock,Pointer at USA 0xa36e,True
USA,0x7f2d5,DEMO,0x7eee9,4,octorock,Pointer at USA 0xa388,True
USA,0x7f2d5,JP,0x7f111,4,octorock,Pointer at USA 0xa388,True
USA,0x7f2d5,DEMO,0x7eee9,4,octorock,Pointer at USA 0xa39e,True
USA,0x7f2d5,JP,0x7f111,4,octorock,Pointer at USA 0xa39e,True
USA,0x7f2d5,DEMO,0x7eee9,4,octorock,Pointer at USA 0xa3b4,True
USA,0x7f2d5,JP,0x7f111,4,octorock,Pointer at USA 0xa3b4,True
USA,0x960c5,DEMO,0x95cd9,4,octorock,Pointer at USA 0xa3c6,True
USA,0x960c5,JP,0x95e8d,4,octorock,Pointer at USA 0xa3c6,True
USA,0x7f3f9,DEMO,0x7f00d,4,octorock,Pointer at USA 0xa3fe,True
USA,0x7f3f9,JP,0x7f235,4,octorock,Pointer at USA 0xa3fe,True
USA,0x960c5,DEMO,0x95cd9,4,octorock,Pointer at USA 0xa456,True
USA,0x960c5,JP,0x95e8d,4,octorock,Pointer at USA 0xa456,True
USA,0x66e69,DEMO,0x66dc1,4,octorock,Pointer at USA 0xa482,True
USA,0x66e69,JP,0x66ca9,4,octorock,Pointer at USA 0xa482,True
