rom_variant,address,points_to,certainty,author,note
USA,0x104,0x8055e6d,5,octorock,
DEMO,0x104,0x8055dc5,5,octorock,
JP,0x104,0x8055cf1,5,octorock,
USA,0x140,0x807d46d,5,octorock,
DEMO,0x140,0x807d081,5,octorock,
JP,0x140,0x807d2a9,5,octorock,
USA,0x13c,0x807d281,5,octorock,
DEMO,0x13c,0x807ce95,5,octorock,
JP,0x13c,0x807d0bd,5,octorock,
USA,0x144,0x807d6d9,5,octorock,
DEMO,0x144,0x807d2ed,5,octorock,
JP,0x144,0x807d515,5,octorock,
USA,0x210,0x80b7910,5,octorock,
DEMO,0x210,0x80b7494,5,octorock,
JP,0x210,0x80b76b0,5,octorock,
USA,0x214,0x80b79a7,5,octorock,
DEMO,0x214,0x80b752b,5,octorock,
JP,0x214,0x80b7747,5,octorock,
USA,0x218,0x80b37a0,5,octorock,
DEMO,0x218,0x80b3324,5,octorock,
JP,0x218,0x80b3540,5,octorock,
USA,0x21c,0x80b3e80,5,octorock,
DEMO,0x21c,0x80b3a04,5,octorock,
JP,0x21c,0x80b3c20,5,octorock,
USA,0x1358,0x80d3bf8,5,octorock,
DEMO,0x1358,0x80d377c,5,octorock,
JP,0x1358,0x80d3998,5,octorock,
USA,0x1370,0x80af18d,5,octorock,
DEMO,0x1370,0x80af10d,5,octorock,
JP,0x1370,0x80aef2d,5,octorock,
USA,0x1374,0x80af1bd,5,octorock,
DEMO,0x1374,0x80af13d,5,octorock,
JP,0x1374,0x80aef5d,5,octorock,
USA,0x2978,0x80c9160,5,octorock,
DEMO,0x2978,0x80c8ce4,5,octorock,
JP,0x2978,0x80c8f00,5,octorock,
USA,0x297c,0x80c91e0,5,octorock,
DEMO,0x297c,0x80c8d64,5,octorock,
JP,0x297c,0x80c8f80,5,octorock,
USA,0x29c8,0x8114f98,5,octorock,
DEMO,0x29c8,0x8114b1c,5,octorock,
JP,0x29c8,0x8114c5c,5,octorock,
USA,0x29cc,0x813ae14,5,octorock,
DEMO,0x29cc,0x813b844,5,octorock,
JP,0x29cc,0x813aa40,5,octorock,
USA,0x29d8,0x811538c,5,octorock,
DEMO,0x29d8,0x8114f10,5,octorock,
JP,0x29d8,0x8115050,5,octorock,
USA,0x29e8,0x8115724,5,octorock,
DEMO,0x29e8,0x81152a8,5,octorock,
JP,0x29e8,0x81153e8,5,octorock,
USA,0x29f8,0x8115af8,5,octorock,
DEMO,0x29f8,0x811567c,5,octorock,
JP,0x29f8,0x81157bc,5,octorock,
USA,0x2a08,0x8115e9c,5,octorock,
DEMO,0x2a08,0x8115a20,5,octorock,
JP,0x2a08,0x8115b60,5,octorock,
USA,0x2a18,0x8116280,5,octorock,
DEMO,0x2a18,0x8115e04,5,octorock,
JP,0x2a18,0x8115f44,5,octorock,
USA,0x2a28,0x8116530,5,octorock,
DEMO,0x2a28,0x81160b4,5,octorock,
JP,0x2a28,0x81161f4,5,octorock,
USA,0x2a38,0x8116888,5,octorock,
DEMO,0x2a38,0x811640c,5,octorock,
JP,0x2a38,0x811654c,5,octorock,
USA,0x2a48,0x8116a9c,5,octorock,
DEMO,0x2a48,0x8116620,5,octorock,
JP,0x2a48,0x8116760,5,octorock,
USA,0x2a54,0x811f018,5,octorock,
DEMO,0x2a54,0x811fa24,5,octorock,
JP,0x2a54,0x811ecdc,5,octorock,
USA,0x2a64,0x811f590,5,octorock,
DEMO,0x2a64,0x811ff9c,5,octorock,
JP,0x2a64,0x811f254,5,octorock,
USA,0x2a58,0x8116d0c,5,octorock,
DEMO,0x2a58,0x8116890,5,octorock,
JP,0x2a58,0x81169d0,5,octorock,
USA,0x2a68,0x8116dd4,5,octorock,
DEMO,0x2a68,0x8116958,5,octorock,
JP,0x2a68,0x8116a98,5,octorock,
USA,0x2a9c,0x81c8c74,5,octorock,
DEMO,0x2a9c,0x81c96a4,5,octorock,
JP,0x2a9c,0x81c88a0,5,octorock,
USA,0x2a78,0x8116f64,5,octorock,
DEMO,0x2a78,0x8116ae8,5,octorock,
JP,0x2a78,0x8116c28,5,octorock,
USA,0x2a88,0x8117208,5,octorock,
DEMO,0x2a88,0x8116d8c,5,octorock,
JP,0x2a88,0x8116ecc,5,octorock,
USA,0x2a98,0x8117240,5,octorock,
DEMO,0x2a98,0x8116dc4,5,octorock,
JP,0x2a98,0x8116f04,5,octorock,
USA,0x2aa8,0x81175dc,5,octorock,
DEMO,0x2aa8,0x8117160,5,octorock,
JP,0x2aa8,0x81172a0,5,octorock,
USA,0x2ab8,0x81178b0,5,octorock,
DEMO,0x2ab8,0x8117434,5,octorock,
JP,0x2ab8,0x8117574,5,octorock,
USA,0x2ac8,0x8117b84,5,octorock,
DEMO,0x2ac8,0x8117708,5,octorock,
JP,0x2ac8,0x8117848,5,octorock,
USA,0x2ad8,0x8117d64,5,octorock,
DEMO,0x2ad8,0x81178e8,5,octorock,
JP,0x2ad8,0x8117a28,5,octorock,
USA,0x2ae8,0x8117e40,5,octorock,
DEMO,0x2ae8,0x81179c4,5,octorock,
JP,0x2ae8,0x8117b04,5,octorock,
USA,0x2af8,0x8117f68,5,octorock,
DEMO,0x2af8,0x8117aec,5,octorock,
JP,0x2af8,0x8117c2c,5,octorock,
USA,0x2b08,0x8117fd4,5,octorock,
DEMO,0x2b08,0x8117b58,5,octorock,
JP,0x2b08,0x8117c98,5,octorock,
USA,0x2b2c,0x81d7674,5,octorock,
DEMO,0x2b2c,0x81d80a4,5,octorock,
JP,0x2b2c,0x81d72a0,5,octorock,
USA,0x2b18,0x81181b4,5,octorock,
DEMO,0x2b18,0x8117d38,5,octorock,
JP,0x2b18,0x8117e78,5,octorock,
USA,0x2b28,0x8132810,5,octorock,
DEMO,0x2b28,0x8133260,5,octorock,
JP,0x2b28,0x813243c,5,octorock,
USA,0x2b24,0x81327dc,5,octorock,
DEMO,0x2b24,0x813322c,5,octorock,
JP,0x2b24,0x8132408,5,octorock,
DEMO,0x2b34,0x8109704,5,octorock,
USA,0x2b34,0x8109b80,5,octorock,
JP,0x2b34,0x8109844,5,octorock,
DEMO,0x2b38,0x8117d68,5,octorock,
USA,0x2b38,0x81181e4,5,octorock,
JP,0x2b38,0x8117ea8,5,octorock,
DEMO,0x2c2c,0x81ffbe4,5,octorock,
USA,0x2c2c,0x81ff1b4,5,octorock,
JP,0x2c2c,0x81fede0,5,octorock,
DEMO,0x2fdc,0x8247f04,5,octorock,
USA,0x2fdc,0x82474d4,5,octorock,
JP,0x2fdc,0x8247100,5,octorock,
DEMO,0x2b44,0x81097e4,5,octorock,
USA,0x2b44,0x8109c60,5,octorock,
JP,0x2b44,0x8109924,5,octorock,
DEMO,0x2b54,0x8111118,5,octorock,
USA,0x2b54,0x8111594,5,octorock,
JP,0x2b54,0x8111258,5,octorock,
DEMO,0x2b64,0x811106c,5,octorock,
USA,0x2b64,0x81114e8,5,octorock,
JP,0x2b64,0x81111ac,5,octorock,
DEMO,0x2b84,0x8112898,5,octorock,
USA,0x2b84,0x8112d14,5,octorock,
JP,0x2b84,0x81129d8,5,octorock,
DEMO,0x2b48,0x8117dbc,5,octorock,
USA,0x2b48,0x8118238,5,octorock,
JP,0x2b48,0x8117efc,5,octorock,
DEMO,0x2b58,0x8117de8,5,octorock,
USA,0x2b58,0x8118264,5,octorock,
JP,0x2b58,0x8117f28,5,octorock,
DEMO,0x2b68,0x8117e1c,5,octorock,
USA,0x2b68,0x8118298,5,octorock,
JP,0x2b68,0x8117f5c,5,octorock,
DEMO,0x2b78,0x8117f1c,5,octorock,
USA,0x2b78,0x8118398,5,octorock,
JP,0x2b78,0x811805c,5,octorock,
DEMO,0x2b88,0x8117f40,5,octorock,
USA,0x2b88,0x81183bc,5,octorock,
JP,0x2b88,0x8118080,5,octorock,
DEMO,0x2b98,0x8117ff0,5,octorock,
USA,0x2b98,0x811846c,5,octorock,
JP,0x2b98,0x8118130,5,octorock,
DEMO,0x2ba8,0x811802c,5,octorock,
USA,0x2ba8,0x81184a8,5,octorock,
JP,0x2ba8,0x811816c,5,octorock,
DEMO,0x2bb8,0x81180dc,5,octorock,
USA,0x2bb8,0x8118558,5,octorock,
JP,0x2bb8,0x811821c,5,octorock,
DEMO,0x2bc8,0x81182a4,5,octorock,
USA,0x2bc8,0x8118720,5,octorock,
JP,0x2bc8,0x81183e4,5,octorock,
DEMO,0x2bd8,0x81182ec,5,octorock,
USA,0x2bd8,0x8118768,5,octorock,
JP,0x2bd8,0x811842c,5,octorock,
DEMO,0x2be8,0x8118304,5,octorock,
USA,0x2be8,0x8118780,5,octorock,
JP,0x2be8,0x8118444,5,octorock,
DEMO,0x2bf8,0x811830c,5,octorock,
USA,0x2bf8,0x8118788,5,octorock,
JP,0x2bf8,0x811844c,5,octorock,
DEMO,0x2c08,0x8118318,5,octorock,
USA,0x2c08,0x8118794,5,octorock,
JP,0x2c08,0x8118458,5,octorock,
DEMO,0x2c18,0x8118444,5,octorock,
USA,0x2c18,0x81188c0,5,octorock,
JP,0x2c18,0x8118584,5,octorock,
DEMO,0x2c28,0x81184cc,5,octorock,
USA,0x2c28,0x8118948,5,octorock,
JP,0x2c28,0x811860c,5,octorock,
DEMO,0x2c38,0x81184e4,5,octorock,
USA,0x2c38,0x8118960,5,octorock,
JP,0x2c38,0x8118624,5,octorock,
DEMO,0x2c48,0x81184f8,5,octorock,
USA,0x2c48,0x8118974,5,octorock,
JP,0x2c48,0x8118638,5,octorock,
USA,0x2b94,0x8112dec,5,octorock,
DEMO,0x2b94,0x8112970,5,octorock,
JP,0x2b94,0x8112ab0,5,octorock,
USA,0x2ba4,0x810a5b8,5,octorock,
DEMO,0x2ba4,0x810a13c,5,octorock,
JP,0x2ba4,0x810a27c,5,octorock,
USA,0x2bb4,0x8110b04,5,octorock,
DEMO,0x2bb4,0x8110688,5,octorock,
JP,0x2bb4,0x81107c8,5,octorock,
USA,0x2bc4,0x8122c90,5,octorock,
DEMO,0x2bc4,0x812369c,5,octorock,
JP,0x2bc4,0x8122954,5,octorock,
USA,0x2bd4,0x8122ce4,5,octorock,
DEMO,0x2bd4,0x81236f0,5,octorock,
JP,0x2bd4,0x81229a8,5,octorock,
USA,0x2be4,0x8122d04,5,octorock,
DEMO,0x2be4,0x8123710,5,octorock,
JP,0x2be4,0x81229c8,5,octorock,
USA,0x2bf4,0x8122cbc,5,octorock,
DEMO,0x2bf4,0x81236c8,5,octorock,
JP,0x2bf4,0x8122980,5,octorock,
USA,0x2c04,0x810c7b4,5,octorock,
DEMO,0x2c04,0x810c338,5,octorock,
JP,0x2c04,0x810c478,5,octorock,
USA,0x2c14,0x812308c,5,octorock,
DEMO,0x2c14,0x8123a98,5,octorock,
JP,0x2c14,0x8122d50,5,octorock,
USA,0x2c24,0x810f98c,5,octorock,
DEMO,0x2c24,0x810f510,5,octorock,
JP,0x2c24,0x810f650,5,octorock,
USA,0x2c34,0x810f9d0,5,octorock,
DEMO,0x2c34,0x810f554,5,octorock,
JP,0x2c34,0x810f694,5,octorock,
USA,0x2c44,0x810fa14,5,octorock,
DEMO,0x2c44,0x810f598,5,octorock,
JP,0x2c44,0x810f6d8,5,octorock,
USA,0x2c54,0x810b4ec,5,octorock,
DEMO,0x2c54,0x810b070,5,octorock,
JP,0x2c54,0x810b1b0,5,octorock,
USA,0x2c58,0x8118988,5,octorock,
DEMO,0x2c58,0x811850c,5,octorock,
JP,0x2c58,0x811864c,5,octorock,
USA,0x31ac,0x82d4894,5,octorock,
DEMO,0x31ac,0x82d52c4,5,octorock,
JP,0x31ac,0x82d44c0,5,octorock,
USA,0x2c64,0x810f814,5,octorock,
DEMO,0x2c64,0x810f398,5,octorock,
JP,0x2c64,0x810f4d8,5,octorock,
USA,0x2c68,0x8118c00,5,octorock,
DEMO,0x2c68,0x8118784,5,octorock,
JP,0x2c68,0x81188c4,5,octorock,
USA,0x2c74,0x8110608,5,octorock,
DEMO,0x2c74,0x811018c,5,octorock,
JP,0x2c74,0x81102cc,5,octorock,
USA,0x2c84,0x81106a8,5,octorock,
DEMO,0x2c84,0x811022c,5,octorock,
JP,0x2c84,0x811036c,5,octorock,
USA,0x2c94,0x8110710,5,octorock,
DEMO,0x2c94,0x8110294,5,octorock,
JP,0x2c94,0x81103d4,5,octorock,
USA,0x2ca4,0x810f944,5,octorock,
DEMO,0x2ca4,0x810f4c8,5,octorock,
JP,0x2ca4,0x810f608,5,octorock,
USA,0x2cb4,0x810fd6c,5,octorock,
DEMO,0x2cb4,0x810f8f0,5,octorock,
JP,0x2cb4,0x810fa30,5,octorock,
USA,0x2cc4,0x810ca6c,5,octorock,
DEMO,0x2cc4,0x810c5f0,5,octorock,
JP,0x2cc4,0x810c730,5,octorock,
USA,0x2cd4,0x810cb54,5,octorock,
DEMO,0x2cd4,0x810c6d8,5,octorock,
JP,0x2cd4,0x810c818,5,octorock,
USA,0x2ce4,0x810cf20,5,octorock,
DEMO,0x2ce4,0x810caa4,5,octorock,
JP,0x2ce4,0x810cbe4,5,octorock,
USA,0x2cf4,0x810abf8,5,octorock,
DEMO,0x2cf4,0x810a77c,5,octorock,
JP,0x2cf4,0x810a8bc,5,octorock,
USA,0x2d04,0x8110028,5,octorock,
DEMO,0x2d04,0x810fbac,5,octorock,
JP,0x2d04,0x810fcec,5,octorock,
USA,0x2d14,0x81100e4,5,octorock,
DEMO,0x2d14,0x810fc68,5,octorock,
JP,0x2d14,0x810fda8,5,octorock,
USA,0x2d24,0x8110138,5,octorock,
DEMO,0x2d24,0x810fcbc,5,octorock,
JP,0x2d24,0x810fdfc,5,octorock,
USA,0x2d34,0x8110484,5,octorock,
DEMO,0x2d34,0x8110008,5,octorock,
JP,0x2d34,0x8110148,5,octorock,
USA,0x2d44,0x810bd58,5,octorock,
DEMO,0x2d44,0x810b8dc,5,octorock,
JP,0x2d44,0x810ba1c,5,octorock,
USA,0x2d64,0x810c1e4,5,octorock,
DEMO,0x2d64,0x810bd68,5,octorock,
JP,0x2d64,0x810bea8,5,octorock,
USA,0x2d74,0x810c868,5,octorock,
DEMO,0x2d74,0x810c3ec,5,octorock,
JP,0x2d74,0x810c52c,5,octorock,
USA,0x2d84,0x810cdd4,5,octorock,
DEMO,0x2d84,0x810c958,5,octorock,
JP,0x2d84,0x810ca98,5,octorock,
USA,0x2d94,0x8110c84,5,octorock,
DEMO,0x2d94,0x8110808,5,octorock,
JP,0x2d94,0x8110948,5,octorock,
USA,0x2da4,0x8110dc8,5,octorock,
DEMO,0x2da4,0x811094c,5,octorock,
JP,0x2da4,0x8110a8c,5,octorock,
USA,0x2db4,0x8111d34,5,octorock,
DEMO,0x2db4,0x81118b8,5,octorock,
JP,0x2db4,0x81119f8,5,octorock,
USA,0x2dc4,0x811125c,5,octorock,
DEMO,0x2dc4,0x8110de0,5,octorock,
JP,0x2dc4,0x8110f20,5,octorock,
USA,0x2dd4,0x811125c,5,octorock,
DEMO,0x2dd4,0x8110de0,5,octorock,
JP,0x2dd4,0x8110f20,5,octorock,
USA,0x2de4,0x8112100,5,octorock,
DEMO,0x2de4,0x8111c84,5,octorock,
JP,0x2de4,0x8111dc4,5,octorock,
USA,0x2df4,0x8112100,5,octorock,
DEMO,0x2df4,0x8111c84,5,octorock,
JP,0x2df4,0x8111dc4,5,octorock,
USA,0x2e04,0x8112100,5,octorock,
DEMO,0x2e04,0x8111c84,5,octorock,
JP,0x2e04,0x8111dc4,5,octorock,
USA,0x2e14,0x811222c,5,octorock,
DEMO,0x2e14,0x8111db0,5,octorock,
JP,0x2e14,0x8111ef0,5,octorock,
USA,0x2e24,0x8112f34,5,octorock,
DEMO,0x2e24,0x8112ab8,5,octorock,
JP,0x2e24,0x8112bf8,5,octorock,
USA,0x2e34,0x811319c,5,octorock,
DEMO,0x2e34,0x8112d20,5,octorock,
JP,0x2e34,0x8112e60,5,octorock,
USA,0x2e44,0x8113214,5,octorock,
DEMO,0x2e44,0x8112d98,5,octorock,
JP,0x2e44,0x8112ed8,5,octorock,
USA,0x2e54,0x8113380,5,octorock,
DEMO,0x2e54,0x8112f04,5,octorock,
JP,0x2e54,0x8113044,5,octorock,
USA,0x2e64,0x8113508,5,octorock,
DEMO,0x2e64,0x811308c,5,octorock,
JP,0x2e64,0x81131cc,5,octorock,
USA,0x2e84,0x81136b0,5,octorock,
DEMO,0x2e84,0x8113234,5,octorock,
JP,0x2e84,0x8113374,5,octorock,
USA,0x2e74,0x81135e8,5,octorock,
DEMO,0x2e74,0x811316c,5,octorock,
JP,0x2e74,0x81132ac,5,octorock,
USA,0x2e94,0x81138b8,5,octorock,
DEMO,0x2e94,0x811343c,5,octorock,
JP,0x2e94,0x811357c,5,octorock,
USA,0x2ea4,0x8113a08,5,octorock,
DEMO,0x2ea4,0x811358c,5,octorock,
JP,0x2ea4,0x81136cc,5,octorock,
USA,0x2eb4,0x8113a08,5,octorock,
DEMO,0x2eb4,0x811358c,5,octorock,
JP,0x2eb4,0x81136cc,5,octorock,
USA,0x2ec4,0x8113b98,5,octorock,
DEMO,0x2ec4,0x811371c,5,octorock,
JP,0x2ec4,0x811385c,5,octorock,
USA,0x2ed4,0x8113c14,5,octorock,
DEMO,0x2ed4,0x8113798,5,octorock,
JP,0x2ed4,0x81138d8,5,octorock,
USA,0x2ee4,0x8113c58,5,octorock,
DEMO,0x2ee4,0x81137dc,5,octorock,
JP,0x2ee4,0x811391c,5,octorock,
USA,0x2ef4,0x8113cd4,5,octorock,
DEMO,0x2ef4,0x8113858,5,octorock,
JP,0x2ef4,0x8113998,5,octorock,
USA,0x2f04,0x8113d1c,5,octorock,
DEMO,0x2f04,0x81138a0,5,octorock,
JP,0x2f04,0x81139e0,5,octorock,
USA,0x2f14,0x8113d60,5,octorock,
DEMO,0x2f14,0x81138e4,5,octorock,
JP,0x2f14,0x8113a24,5,octorock,
USA,0x2f24,0x8114098,5,octorock,
DEMO,0x2f24,0x8113c1c,5,octorock,
JP,0x2f24,0x8113d5c,5,octorock,
USA,0x2f34,0x811033c,5,octorock,
DEMO,0x2f34,0x810fec0,5,octorock,
JP,0x2f34,0x8110000,5,octorock,
USA,0x2f44,0x8114580,5,octorock,
DEMO,0x2f44,0x8114104,5,octorock,
JP,0x2f44,0x8114244,5,octorock,
USA,0x2f54,0x8111a2c,5,octorock,
DEMO,0x2f54,0x81115b0,5,octorock,
JP,0x2f54,0x81116f0,5,octorock,
USA,0x2f64,0x8111c18,5,octorock,
DEMO,0x2f64,0x811179c,5,octorock,
JP,0x2f64,0x81118dc,5,octorock,
USA,0x2f74,0x8111c18,5,octorock,
DEMO,0x2f74,0x811179c,5,octorock,
JP,0x2f74,0x81118dc,5,octorock,
USA,0x2f84,0x8111b60,5,octorock,
DEMO,0x2f84,0x81116e4,5,octorock,
JP,0x2f84,0x8111824,5,octorock,
USA,0x2f94,0x8110eac,5,octorock,
DEMO,0x2f94,0x8110a30,5,octorock,
JP,0x2f94,0x8110b70,5,octorock,
USA,0x2fa4,0x8114228,5,octorock,
DEMO,0x2fa4,0x8113dac,5,octorock,
JP,0x2fa4,0x8113eec,5,octorock,
USA,0x2fb4,0x812311c,5,octorock,
DEMO,0x2fb4,0x8123b28,5,octorock,
JP,0x2fb4,0x8122de0,5,octorock,
USA,0x2fd4,0x80cb438,5,octorock,
DEMO,0x2fd4,0x80cafbc,5,octorock,
JP,0x2fd4,0x80cb1d8,5,octorock,
USA,0x2fe4,0x80cb4fc,5,octorock,
DEMO,0x2fe4,0x80cb080,5,octorock,
JP,0x2fe4,0x80cb29c,5,octorock,
USA,0x2ff4,0x80cc69c,5,octorock,
DEMO,0x2ff4,0x80cc220,5,octorock,
JP,0x2ff4,0x80cc43c,5,octorock,
USA,0x3004,0x811ee20,5,octorock,
DEMO,0x3004,0x811f82c,5,octorock,
JP,0x3004,0x811eae4,5,octorock,
USA,0x3014,0x80cce64,5,octorock,
DEMO,0x3014,0x80cc9e8,5,octorock,
JP,0x3014,0x80ccc04,5,octorock,
USA,0x3024,0x80cdd64,5,octorock,
DEMO,0x3024,0x80cd8e8,5,octorock,
JP,0x3024,0x80cdb04,5,octorock,
USA,0x3034,0x80ce944,5,octorock,
DEMO,0x3034,0x80ce4c8,5,octorock,
JP,0x3034,0x80ce6e4,5,octorock,
USA,0x3044,0x80cf014,5,octorock,
DEMO,0x3044,0x80ceb98,5,octorock,
JP,0x3044,0x80cedb4,5,octorock,
USA,0x3054,0x80cf724,5,octorock,
DEMO,0x3054,0x80cf2a8,5,octorock,
JP,0x3054,0x80cf4c4,5,octorock,
USA,0x3064,0x8129f34,5,octorock,
DEMO,0x3064,0x812a984,5,octorock,
JP,0x3064,0x8129bf8,5,octorock,
USA,0x3074,0x80cfaf0,5,octorock,
DEMO,0x3074,0x80cf674,5,octorock,
JP,0x3074,0x80cf890,5,octorock,
USA,0x3084,0x80cf418,5,octorock,
DEMO,0x3084,0x80cef9c,5,octorock,
JP,0x3084,0x80cf1b8,5,octorock,
USA,0x3094,0x80d03b4,5,octorock,
DEMO,0x3094,0x80cff38,5,octorock,
JP,0x3094,0x80d0154,5,octorock,
USA,0x30a4,0x8129bc8,5,octorock,
DEMO,0x30a4,0x812a618,5,octorock,
JP,0x30a4,0x812988c,5,octorock,
USA,0x30b4,0x80d0558,5,octorock,
DEMO,0x30b4,0x80d00dc,5,octorock,
JP,0x30b4,0x80d02f8,5,octorock,
USA,0x30c4,0x80d058c,5,octorock,
DEMO,0x30c4,0x80d0110,5,octorock,
JP,0x30c4,0x80d032c,5,octorock,
USA,0x30d4,0x80d05e0,5,octorock,
DEMO,0x30d4,0x80d0164,5,octorock,
JP,0x30d4,0x80d0380,5,octorock,
USA,0x30e4,0x80d0634,5,octorock,
DEMO,0x30e4,0x80d01b8,5,octorock,
JP,0x30e4,0x80d03d4,5,octorock,
USA,0x30f4,0x80d1694,5,octorock,
DEMO,0x30f4,0x80d1218,5,octorock,
JP,0x30f4,0x80d1434,5,octorock,
USA,0x3104,0x80d0bc4,5,octorock,
DEMO,0x3104,0x80d0748,5,octorock,
JP,0x3104,0x80d0964,5,octorock,
USA,0x3114,0x80d0c88,5,octorock,
DEMO,0x3114,0x80d080c,5,octorock,
JP,0x3114,0x80d0a28,5,octorock,
USA,0x3124,0x80d0c0c,5,octorock,
DEMO,0x3124,0x80d0790,5,octorock,
JP,0x3124,0x80d09ac,5,octorock,
USA,0x3134,0x80d0cf4,5,octorock,
DEMO,0x3134,0x80d0878,5,octorock,
JP,0x3134,0x80d0a94,5,octorock,
USA,0x3144,0x80d1530,5,octorock,
DEMO,0x3144,0x80d10b4,5,octorock,
JP,0x3144,0x80d12d0,5,octorock,
USA,0x3154,0x80d11ac,5,octorock,
DEMO,0x3154,0x80d0d30,5,octorock,
JP,0x3154,0x80d0f4c,5,octorock,
USA,0x3164,0x8112ff4,5,octorock,
DEMO,0x3164,0x8112b78,5,octorock,
JP,0x3164,0x8112cb8,5,octorock,
USA,0x3174,0x8113024,5,octorock,
DEMO,0x3174,0x8112ba8,5,octorock,
JP,0x3174,0x8112ce8,5,octorock,
USA,0x3184,0x80d07ec,5,octorock,
DEMO,0x3184,0x80d0370,5,octorock,
JP,0x3184,0x80d058c,5,octorock,
USA,0x3194,0x80d1cbc,5,octorock,
DEMO,0x3194,0x80d1840,5,octorock,
JP,0x3194,0x80d1a5c,5,octorock,
USA,0x31a4,0x81214c8,5,octorock,
DEMO,0x31a4,0x8121ed4,5,octorock,
JP,0x31a4,0x812118c,5,octorock,
USA,0x31b4,0x812101c,5,octorock,
DEMO,0x31b4,0x8121a28,5,octorock,
JP,0x31b4,0x8120ce0,5,octorock,
USA,0x31c4,0x8122540,5,octorock,
DEMO,0x31c4,0x8122f4c,5,octorock,
JP,0x31c4,0x8122204,5,octorock,
USA,0x31d4,0x8122698,5,octorock,
DEMO,0x31d4,0x81230a4,5,octorock,
JP,0x31d4,0x812235c,5,octorock,
USA,0x31e4,0x8122834,5,octorock,
DEMO,0x31e4,0x8123240,5,octorock,
JP,0x31e4,0x81224f8,5,octorock,
USA,0x31f4,0x81236cc,5,octorock,
DEMO,0x31f4,0x81240d8,5,octorock,
JP,0x31f4,0x8123390,5,octorock,
USA,0x3204,0x8123d14,5,octorock,
DEMO,0x3204,0x8124720,5,octorock,
JP,0x3204,0x81239d8,5,octorock,
USA,0x2c78,0x8118d38,5,octorock,
DEMO,0x2c78,0x81188bc,5,octorock,
JP,0x2c78,0x81189fc,5,octorock,
USA,0x2c88,0x8118da4,5,octorock,
DEMO,0x2c88,0x8118928,5,octorock,
JP,0x2c88,0x8118a68,5,octorock,
USA,0x2c98,0x8118dd0,5,octorock,
DEMO,0x2c98,0x8118954,5,octorock,
JP,0x2c98,0x8118a94,5,octorock,
USA,0x2ca8,0x8118ddc,5,octorock,
DEMO,0x2ca8,0x8118960,5,octorock,
JP,0x2ca8,0x8118aa0,5,octorock,
USA,0x2cb8,0x8118e5c,5,octorock,
JP,0x2cb8,0x8118b20,5,octorock,
DEMO,0x2cb8,0x81189e0,5,octorock,
USA,0x2cc8,0x8118f04,5,octorock,
JP,0x2cc8,0x8118bc8,5,octorock,
DEMO,0x2cc8,0x8118a88,5,octorock,
USA,0x2cd8,0x8118f3c,5,octorock,
JP,0x2cd8,0x8118c00,5,octorock,
DEMO,0x2cd8,0x8118ac0,5,octorock,
USA,0x2ce8,0x8118f64,5,octorock,
JP,0x2ce8,0x8118c28,5,octorock,
DEMO,0x2ce8,0x8118ae8,5,octorock,
USA,0x2cf8,0x8118f98,5,octorock,
JP,0x2cf8,0x8118c5c,5,octorock,
DEMO,0x2cf8,0x8118b1c,5,octorock,
USA,0x2d08,0x81190a0,5,octorock,
JP,0x2d08,0x8118d64,5,octorock,
DEMO,0x2d08,0x8118c24,5,octorock,
USA,0x2d18,0x81190e4,5,octorock,
JP,0x2d18,0x8118da8,5,octorock,
DEMO,0x2d18,0x8118c68,5,octorock,
USA,0x2d28,0x811911c,5,octorock,
JP,0x2d28,0x8118de0,5,octorock,
DEMO,0x2d28,0x8118ca0,5,octorock,
USA,0x2d38,0x811912c,5,octorock,
JP,0x2d38,0x8118df0,5,octorock,
DEMO,0x2d38,0x8118cb0,5,octorock,
USA,0x2d48,0x8119188,5,octorock,
JP,0x2d48,0x8118e4c,5,octorock,
DEMO,0x2d48,0x8118d0c,5,octorock,
USA,0x2d58,0x81192a8,5,octorock,
JP,0x2d58,0x8118f6c,5,octorock,
DEMO,0x2d58,0x8118e2c,5,octorock,
USA,0x2d68,0x8119548,5,octorock,
JP,0x2d68,0x811920c,5,octorock,
DEMO,0x2d68,0x81190cc,5,octorock,
USA,0x2d78,0x81197c4,5,octorock,
JP,0x2d78,0x8119488,5,octorock,
DEMO,0x2d78,0x8119348,5,octorock,
USA,0x2d88,0x81197f4,5,octorock,
JP,0x2d88,0x81194b8,5,octorock,
DEMO,0x2d88,0x8119378,5,octorock,
USA,0x2d98,0x81198c4,5,octorock,
JP,0x2d98,0x8119588,5,octorock,
DEMO,0x2d98,0x8119448,5,octorock,
USA,0x2da8,0x81198ec,5,octorock,
JP,0x2da8,0x81195b0,5,octorock,
DEMO,0x2da8,0x8119470,5,octorock,
USA,0x2db8,0x81199a4,5,octorock,
JP,0x2db8,0x8119668,5,octorock,
DEMO,0x2db8,0x8119528,5,octorock,
USA,0x2dc8,0x81199f8,5,octorock,
JP,0x2dc8,0x81196bc,5,octorock,
DEMO,0x2dc8,0x811957c,5,octorock,
USA,0x2dd8,0x8119a74,5,octorock,
JP,0x2dd8,0x8119738,5,octorock,
DEMO,0x2dd8,0x81195f8,5,octorock,
USA,0x2de8,0x8119af0,5,octorock,
JP,0x2de8,0x81197b4,5,octorock,
DEMO,0x2de8,0x8119674,5,octorock,
USA,0x2df8,0x8119b7c,5,octorock,
JP,0x2df8,0x8119840,5,octorock,
DEMO,0x2df8,0x8119700,5,octorock,
USA,0x2e08,0x8119bf0,5,octorock,
JP,0x2e08,0x81198b4,5,octorock,
DEMO,0x2e08,0x8119774,5,octorock,
USA,0x2e18,0x8119c64,5,octorock,
JP,0x2e18,0x8119928,5,octorock,
DEMO,0x2e18,0x81197e8,5,octorock,
USA,0x2e28,0x8119cf4,5,octorock,
JP,0x2e28,0x81199b8,5,octorock,
DEMO,0x2e28,0x8119878,5,octorock,
USA,0x2e38,0x8119d54,5,octorock,
JP,0x2e38,0x8119a18,5,octorock,
DEMO,0x2e38,0x81198d8,5,octorock,
USA,0x2e48,0x8119da8,5,octorock,
JP,0x2e48,0x8119a6c,5,octorock,
DEMO,0x2e48,0x811992c,5,octorock,
USA,0x2e58,0x8119dfc,5,octorock,
JP,0x2e58,0x8119ac0,5,octorock,
DEMO,0x2e58,0x8119980,5,octorock,
USA,0x2e68,0x8119e18,5,octorock,
JP,0x2e68,0x8119adc,5,octorock,
DEMO,0x2e68,0x811999c,5,octorock,
USA,0x2e78,0x8119e44,5,octorock,
JP,0x2e78,0x8119b08,5,octorock,
DEMO,0x2e78,0x81199c8,5,octorock,
USA,0x2e88,0x8119eb0,5,octorock,
JP,0x2e88,0x8119b74,5,octorock,
DEMO,0x2e88,0x8119a34,5,octorock,
USA,0x2e98,0x8119ed8,5,octorock,
JP,0x2e98,0x8119b9c,5,octorock,
DEMO,0x2e98,0x8119a5c,5,octorock,
USA,0x2ea8,0x8119f80,5,octorock,
JP,0x2ea8,0x8119c44,5,octorock,
DEMO,0x2ea8,0x8119b04,5,octorock,
USA,0x2eb8,0x8119fa4,5,octorock,
JP,0x2eb8,0x8119c68,5,octorock,
DEMO,0x2eb8,0x8119b28,5,octorock,
USA,0x2ec8,0x8119fd4,5,octorock,
JP,0x2ec8,0x8119c98,5,octorock,
DEMO,0x2ec8,0x8119b58,5,octorock,
USA,0x2ed8,0x811a01c,5,octorock,
JP,0x2ed8,0x8119ce0,5,octorock,
DEMO,0x2ed8,0x8119ba0,5,octorock,
USA,0x2ee8,0x811a04c,5,octorock,
JP,0x2ee8,0x8119d10,5,octorock,
DEMO,0x2ee8,0x8119bd0,5,octorock,
USA,0x2ef8,0x811a068,5,octorock,
JP,0x2ef8,0x8119d2c,5,octorock,
DEMO,0x2ef8,0x8119bec,5,octorock,
USA,0x2f08,0x811a0a4,5,octorock,
JP,0x2f08,0x8119d68,5,octorock,
DEMO,0x2f08,0x8119c28,5,octorock,
USA,0x2f18,0x811a0cc,5,octorock,
JP,0x2f18,0x8119d90,5,octorock,
DEMO,0x2f18,0x8119c50,5,octorock,
USA,0x2f28,0x811a0e4,5,octorock,
JP,0x2f28,0x8119da8,5,octorock,
DEMO,0x2f28,0x8119c68,5,octorock,
USA,0x2f38,0x811a124,5,octorock,
JP,0x2f38,0x8119de8,5,octorock,
DEMO,0x2f38,0x8119ca8,5,octorock,
USA,0x2f48,0x811a144,5,octorock,
JP,0x2f48,0x8119e08,5,octorock,
DEMO,0x2f48,0x8119cc8,5,octorock,
USA,0x2f58,0x811a17c,5,octorock,
JP,0x2f58,0x8119e40,5,octorock,
DEMO,0x2f58,0x8119d00,5,octorock,
USA,0x2f68,0x811a1c8,5,octorock,
JP,0x2f68,0x8119e8c,5,octorock,
DEMO,0x2f68,0x8119d4c,5,octorock,
USA,0x2f78,0x811a1f8,5,octorock,
JP,0x2f78,0x8119ebc,5,octorock,
DEMO,0x2f78,0x8119d7c,5,octorock,
USA,0x2f88,0x811a228,5,octorock,
JP,0x2f88,0x8119eec,5,octorock,
DEMO,0x2f88,0x8119dac,5,octorock,
USA,0x2f98,0x811a280,5,octorock,
JP,0x2f98,0x8119f44,5,octorock,
DEMO,0x2f98,0x8119e04,5,octorock,
USA,0x2fa8,0x811a28c,5,octorock,
JP,0x2fa8,0x8119f50,5,octorock,
DEMO,0x2fa8,0x8119e10,5,octorock,
USA,0x2fb8,0x811a2a8,5,octorock,
JP,0x2fb8,0x8119f6c,5,octorock,
DEMO,0x2fb8,0x8119e2c,5,octorock,
USA,0x2fc8,0x811a2d0,5,octorock,
JP,0x2fc8,0x8119f94,5,octorock,
DEMO,0x2fc8,0x8119e54,5,octorock,
USA,0x2fd8,0x811a2fc,5,octorock,
JP,0x2fd8,0x8119fc0,5,octorock,
DEMO,0x2fd8,0x8119e80,5,octorock,
USA,0x2fe8,0x811a510,5,octorock,
JP,0x2fe8,0x811a1d4,5,octorock,
DEMO,0x2fe8,0x811a094,5,octorock,
USA,0x2ff8,0x811a75c,5,octorock,
JP,0x2ff8,0x811a420,5,octorock,
DEMO,0x2ff8,0x811a2e0,5,octorock,
USA,0x3008,0x811a7a8,5,octorock,
JP,0x3008,0x811a46c,5,octorock,
DEMO,0x3008,0x811a32c,5,octorock,
USA,0x3018,0x811a86c,5,octorock,
JP,0x3018,0x811a530,5,octorock,
DEMO,0x3018,0x811a3f0,5,octorock,
USA,0x3028,0x811a8cc,5,octorock,
JP,0x3028,0x811a590,5,octorock,
DEMO,0x3028,0x811a450,5,octorock,
USA,0x3038,0x811a9b4,5,octorock,
JP,0x3038,0x811a678,5,octorock,
DEMO,0x3038,0x811a538,5,octorock,
USA,0x3048,0x811aa2c,4,octorock,
JP,0x3048,0x811a6f0,4,octorock,
DEMO,0x3048,0x811a5b0,4,octorock,
USA,0x3058,0x811aa7c,5,octorock,
JP,0x3058,0x811a740,5,octorock,
DEMO,0x3058,0x811a600,5,octorock,
USA,0x3068,0x811ab18,5,octorock,
JP,0x3068,0x811a7dc,5,octorock,
DEMO,0x3068,0x811a69c,5,octorock,
USA,0x3078,0x811abf8,5,octorock,
JP,0x3078,0x811a8bc,5,octorock,
DEMO,0x3078,0x811a77c,5,octorock,
USA,0x3088,0x811ad24,5,octorock,
JP,0x3088,0x811a9e8,5,octorock,
DEMO,0x3088,0x811a8a8,5,octorock,
USA,0x3098,0x811adcc,5,octorock,
JP,0x3098,0x811aa90,5,octorock,
DEMO,0x3098,0x811a950,5,octorock,
USA,0x30a8,0x811aeb0,5,octorock,
JP,0x30a8,0x811ab74,5,octorock,
DEMO,0x30a8,0x811aa34,5,octorock,
USA,0x30b8,0x811aed8,5,octorock,
JP,0x30b8,0x811ab9c,5,octorock,
DEMO,0x30b8,0x811aa5c,5,octorock,
USA,0x30c8,0x811af24,5,octorock,
JP,0x30c8,0x811abe8,5,octorock,
DEMO,0x30c8,0x811aaa8,5,octorock,
USA,0x30d8,0x811af34,5,octorock,
JP,0x30d8,0x811abf8,5,octorock,
DEMO,0x30d8,0x811aab8,5,octorock,
USA,0x30e8,0x811af64,5,octorock,
JP,0x30e8,0x811ac28,5,octorock,
DEMO,0x30e8,0x811aae8,5,octorock,
USA,0x30f8,0x811af8c,5,octorock,
JP,0x30f8,0x811ac50,5,octorock,
DEMO,0x30f8,0x811ab10,5,octorock,
USA,0x3108,0x811afbc,5,octorock,
JP,0x3108,0x811ac80,5,octorock,
DEMO,0x3108,0x811ab40,5,octorock,
USA,0x3118,0x811afd0,5,octorock,
JP,0x3118,0x811ac94,5,octorock,
DEMO,0x3118,0x811ab54,5,octorock,
USA,0x3128,0x811b000,5,octorock,
JP,0x3128,0x811acc4,5,octorock,
DEMO,0x3128,0x811ab84,5,octorock,
USA,0x3138,0x811b01c,5,octorock,
JP,0x3138,0x811ace0,5,octorock,
DEMO,0x3138,0x811aba0,5,octorock,
USA,0x3148,0x811b02c,5,octorock,
JP,0x3148,0x811acf0,5,octorock,
DEMO,0x3148,0x811abb0,5,octorock,
USA,0x3158,0x811b0b0,5,octorock,
JP,0x3158,0x811ad74,5,octorock,
DEMO,0x3158,0x811ac34,5,octorock,
USA,0x3168,0x811b130,5,octorock,
JP,0x3168,0x811adf4,5,octorock,
DEMO,0x3168,0x811acb4,5,octorock,
USA,0x3178,0x811b178,5,octorock,
JP,0x3178,0x811ae3c,5,octorock,
DEMO,0x3178,0x811acfc,5,octorock,
USA,0x3188,0x811b190,5,octorock,
JP,0x3188,0x811ae54,5,octorock,
DEMO,0x3188,0x811ad14,5,octorock,
USA,0x3198,0x811b214,5,octorock,
JP,0x3198,0x811aed8,5,octorock,
DEMO,0x3198,0x811ad98,5,octorock,
USA,0x31a8,0x811b258,5,octorock,
JP,0x31a8,0x811af1c,5,octorock,
DEMO,0x31a8,0x811addc,5,octorock,
USA,0x31b8,0x811b294,5,octorock,
JP,0x31b8,0x811af58,5,octorock,
DEMO,0x31b8,0x811ae18,5,octorock,
USA,0x31c8,0x811b2fc,5,octorock,
JP,0x31c8,0x811afc0,5,octorock,
DEMO,0x31c8,0x811ae80,5,octorock,
USA,0x31d8,0x811b34c,5,octorock,
JP,0x31d8,0x811b010,5,octorock,
DEMO,0x31d8,0x811aed0,5,octorock,
USA,0x31f8,0x811b394,5,octorock,
JP,0x31f8,0x811b058,5,octorock,
DEMO,0x31f8,0x811af18,5,octorock,
USA,0x3208,0x811b3a4,5,octorock,
JP,0x3208,0x811b068,5,octorock,
DEMO,0x3208,0x811af28,5,octorock,
USA,0x3218,0x811b3b4,5,octorock,
JP,0x3218,0x811b078,5,octorock,
DEMO,0x3218,0x811af38,5,octorock,
USA,0x3228,0x811b3c8,5,octorock,
JP,0x3228,0x811b08c,5,octorock,
DEMO,0x3228,0x811af4c,5,octorock,
USA,0x3238,0x811b408,5,octorock,
JP,0x3238,0x811b0cc,5,octorock,
DEMO,0x3238,0x811af8c,5,octorock,
USA,0x3248,0x811b540,5,octorock,
JP,0x3248,0x811b204,5,octorock,
DEMO,0x3248,0x811b0c4,5,octorock,
USA,0x3258,0x811b564,5,octorock,
JP,0x3258,0x811b228,5,octorock,
DEMO,0x3258,0x811b0e8,5,octorock,
USA,0x3214,0x8122638,5,octorock,
JP,0x3214,0x81222fc,5,octorock,
DEMO,0x3214,0x8123044,5,octorock,
USA,0x3224,0x812a36c,5,octorock,
JP,0x3224,0x812a030,5,octorock,
DEMO,0x3224,0x812adbc,5,octorock,
USA,0x3234,0x8123474,5,octorock,
JP,0x3234,0x8123138,5,octorock,
DEMO,0x3234,0x8123e80,5,octorock,
USA,0x3244,0x80cf234,5,octorock,
JP,0x3244,0x80cefd4,5,octorock,
DEMO,0x3244,0x80cedb8,5,octorock,
USA,0x3254,0x81233b0,5,octorock,
JP,0x3254,0x8123074,5,octorock,
DEMO,0x3254,0x8123dbc,5,octorock,
USA,0x3264,0x810ff38,5,octorock,
JP,0x3264,0x810fbfc,5,octorock,
DEMO,0x3264,0x810fabc,5,octorock,
USA,0x3274,0x810fbd0,5,octorock,
JP,0x3274,0x810f894,5,octorock,
DEMO,0x3274,0x810f754,5,octorock,
USA,0x3284,0x81130a0,5,octorock,
JP,0x3284,0x8112d64,5,octorock,
DEMO,0x3284,0x8112c24,5,octorock,
USA,0x3294,0x8113108,5,octorock,
JP,0x3294,0x8112dcc,5,octorock,
DEMO,0x3294,0x8112c8c,5,octorock,
USA,0x32a4,0x810c32c,5,octorock,
JP,0x32a4,0x810bff0,5,octorock,
DEMO,0x32a4,0x810beb0,5,octorock,
USA,0x32b4,0x810c390,5,octorock,
JP,0x32b4,0x810c054,5,octorock,
DEMO,0x32b4,0x810bf14,5,octorock,
USA,0x32c4,0x810fe90,5,octorock,
JP,0x32c4,0x810fb54,5,octorock,
DEMO,0x32c4,0x810fa14,5,octorock,
USA,0x32d4,0x810c414,5,octorock,
JP,0x32d4,0x810c0d8,5,octorock,
DEMO,0x32d4,0x810bf98,5,octorock,
USA,0x32e4,0x810c468,5,octorock,
JP,0x32e4,0x810c12c,5,octorock,
DEMO,0x32e4,0x810bfec,5,octorock,
USA,0x32f4,0x80cf890,5,octorock,
JP,0x32f4,0x80cf630,5,octorock,
DEMO,0x32f4,0x80cf414,5,octorock,
USA,0x3304,0x81118f0,5,octorock,
JP,0x3304,0x81115b4,5,octorock,
DEMO,0x3304,0x8111474,5,octorock,
USA,0x3314,0x81118cc,5,octorock,
JP,0x3314,0x8111590,5,octorock,
DEMO,0x3314,0x8111450,5,octorock,
USA,0x3324,0x8112598,5,octorock,
JP,0x3324,0x811225c,5,octorock,
DEMO,0x3324,0x811211c,5,octorock,
USA,0x3334,0x81132e4,5,octorock,
JP,0x3334,0x8112fa8,5,octorock,
DEMO,0x3334,0x8112e68,5,octorock,
USA,0x3344,0x8113314,5,octorock,
JP,0x3344,0x8112fd8,5,octorock,
DEMO,0x3344,0x8112e98,5,octorock,
USA,0x3354,0x8113490,5,octorock,
JP,0x3354,0x8113154,5,octorock,
DEMO,0x3354,0x8113014,5,octorock,
USA,0x3374,0x8113730,5,octorock,
JP,0x3374,0x81133f4,5,octorock,
DEMO,0x3374,0x81132b4,5,octorock,
USA,0x3384,0x81138fc,5,octorock,
JP,0x3384,0x81135c0,5,octorock,
DEMO,0x3384,0x8113480,5,octorock,
USA,0x3394,0x8113ef8,5,octorock,
JP,0x3394,0x8113bbc,5,octorock,
DEMO,0x3394,0x8113a7c,5,octorock,
USA,0x33b4,0x8110eac,5,octorock,
JP,0x33b4,0x8110b70,5,octorock,
DEMO,0x33b4,0x8110a30,5,octorock,
USA,0x33c4,0x80ca470,5,octorock,
JP,0x33c4,0x80ca210,5,octorock,
DEMO,0x33c4,0x80c9ff4,5,octorock,
USA,0x33d4,0x81203fc,5,octorock,
JP,0x33d4,0x81200c0,5,octorock,
DEMO,0x33d4,0x8120e08,5,octorock,
USA,0x33e4,0x81203fc,5,octorock,
JP,0x33e4,0x81200c0,5,octorock,
DEMO,0x33e4,0x8120e08,5,octorock,
USA,0x33f4,0x81229a4,5,octorock,
JP,0x33f4,0x8122668,5,octorock,
DEMO,0x33f4,0x81233b0,5,octorock,
USA,0x3404,0x80cb67c,5,octorock,
JP,0x3404,0x80cb41c,5,octorock,
DEMO,0x3404,0x80cb200,5,octorock,
USA,0x3414,0x812714c,5,octorock,
JP,0x3414,0x8126e10,5,octorock,
DEMO,0x3414,0x8127b58,5,octorock,
USA,0x3424,0x811f118,5,octorock,
JP,0x3424,0x811eddc,5,octorock,
DEMO,0x3424,0x811fb24,5,octorock,
USA,0x3434,0x811ee10,5,octorock,
JP,0x3434,0x811ead4,5,octorock,
DEMO,0x3434,0x811f81c,5,octorock,
USA,0x3444,0x80ca650,5,octorock,
JP,0x3444,0x80ca3f0,5,octorock,
DEMO,0x3444,0x80ca1d4,5,octorock,
USA,0x3454,0x81205f4,5,octorock,
DEMO,0x3454,0x8121000,5,octorock,
JP,0x3454,0x81202b8,5,octorock,
USA,0x3464,0x80caa34,5,octorock,
DEMO,0x3464,0x80ca5b8,5,octorock,
JP,0x3464,0x80ca7d4,5,octorock,
USA,0x3474,0x811f954,5,octorock,
DEMO,0x3474,0x8120360,5,octorock,
JP,0x3474,0x811f618,5,octorock,
USA,0x3484,0x8120dec,5,octorock,
DEMO,0x3484,0x81217f8,5,octorock,
JP,0x3484,0x8120ab0,5,octorock,
USA,0x3494,0x80ca1f8,5,octorock,
DEMO,0x3494,0x80c9d7c,5,octorock,
JP,0x3494,0x80c9f98,5,octorock,
USA,0x34a4,0x8121b48,5,octorock,
DEMO,0x34a4,0x8122554,5,octorock,
JP,0x34a4,0x812180c,5,octorock,
USA,0x34b4,0x8129604,5,octorock,
DEMO,0x34b4,0x812a054,5,octorock,
JP,0x34b4,0x81292c8,5,octorock,
USA,0x34c4,0x80cb728,5,octorock,
DEMO,0x34c4,0x80cb2ac,5,octorock,
JP,0x34c4,0x80cb4c8,5,octorock,
USA,0x34d4,0x80cb914,5,octorock,
DEMO,0x34d4,0x80cb498,5,octorock,
JP,0x34d4,0x80cb6b4,5,octorock,
USA,0x34e4,0x80cb914,5,octorock,
DEMO,0x34e4,0x80cb498,5,octorock,
JP,0x34e4,0x80cb6b4,5,octorock,
USA,0x34f4,0x80cba18,5,octorock,
DEMO,0x34f4,0x80cb59c,5,octorock,
JP,0x34f4,0x80cb7b8,5,octorock,
USA,0x3504,0x80cbb44,5,octorock,
DEMO,0x3504,0x80cb6c8,5,octorock,
JP,0x3504,0x80cb8e4,5,octorock,
USA,0x3514,0x8120c08,5,octorock,
DEMO,0x3514,0x8121614,5,octorock,
JP,0x3514,0x81208cc,5,octorock,
USA,0x3524,0x81209e8,5,octorock,
DEMO,0x3524,0x81213f4,5,octorock,
JP,0x3524,0x81206ac,5,octorock,
USA,0x3534,0x811f8f0,5,octorock,
DEMO,0x3534,0x81202fc,5,octorock,
JP,0x3534,0x811f5b4,5,octorock,
USA,0x3544,0x8120c78,5,octorock,
DEMO,0x3544,0x8121684,5,octorock,
JP,0x3544,0x812093c,5,octorock,
USA,0x3554,0x8120d8c,5,octorock,
DEMO,0x3554,0x8121798,5,octorock,
JP,0x3554,0x8120a50,5,octorock,
USA,0x3564,0x80cbd58,5,octorock,
DEMO,0x3564,0x80cb8dc,5,octorock,
JP,0x3564,0x80cbaf8,5,octorock,
USA,0x3574,0x80cbea4,5,octorock,
DEMO,0x3574,0x80cba28,5,octorock,
JP,0x3574,0x80cbc44,5,octorock,
USA,0x3584,0x80cbea4,5,octorock,
DEMO,0x3584,0x80cba28,5,octorock,
JP,0x3584,0x80cbc44,5,octorock,
USA,0x3594,0x80cbea4,5,octorock,
DEMO,0x3594,0x80cba28,5,octorock,
JP,0x3594,0x80cbc44,5,octorock,
USA,0x35a4,0x80cbf78,5,octorock,
DEMO,0x35a4,0x80cbafc,5,octorock,
JP,0x35a4,0x80cbd18,5,octorock,
USA,0x35b4,0x80cc174,5,octorock,
DEMO,0x35b4,0x80cbcf8,5,octorock,
JP,0x35b4,0x80cbf14,5,octorock,
USA,0x35c4,0x8121158,5,octorock,
DEMO,0x35c4,0x8121b64,5,octorock,
JP,0x35c4,0x8120e1c,5,octorock,
USA,0x35d4,0x8121028,5,octorock,
DEMO,0x35d4,0x8121a34,5,octorock,
JP,0x35d4,0x8120cec,5,octorock,
USA,0x35e4,0x8124af8,5,octorock,
DEMO,0x35e4,0x8125504,5,octorock,
JP,0x35e4,0x81247bc,5,octorock,
USA,0x35f4,0x81212b8,5,octorock,
DEMO,0x35f4,0x8121cc4,5,octorock,
JP,0x35f4,0x8120f7c,5,octorock,
USA,0x3604,0x8121358,5,octorock,
DEMO,0x3604,0x8121d64,5,octorock,
JP,0x3604,0x812101c,5,octorock,
USA,0x3614,0x81213b8,5,octorock,
DEMO,0x3614,0x8121dc4,5,octorock,
JP,0x3614,0x812107c,5,octorock,
USA,0x3624,0x8120dc4,5,octorock,
DEMO,0x3624,0x81217d0,5,octorock,
JP,0x3624,0x8120a88,5,octorock,
USA,0x3634,0x80cc684,5,octorock,
DEMO,0x3634,0x80cc208,5,octorock,
JP,0x3634,0x80cc424,5,octorock,
USA,0x3644,0x80cc6d4,5,octorock,
DEMO,0x3644,0x80cc258,5,octorock,
JP,0x3644,0x80cc474,5,octorock,
USA,0x3654,0x811f7cc,5,octorock,
DEMO,0x3654,0x81201d8,5,octorock,
JP,0x3654,0x811f490,5,octorock,
USA,0x3664,0x81215b4,5,octorock,
DEMO,0x3664,0x8121fc0,5,octorock,
JP,0x3664,0x8121278,5,octorock,
USA,0x3674,0x8121c34,5,octorock,
DEMO,0x3674,0x8122640,5,octorock,
JP,0x3674,0x81218f8,5,octorock,
USA,0x3684,0x80cc780,5,octorock,
DEMO,0x3684,0x80cc304,5,octorock,
JP,0x3684,0x80cc520,5,octorock,
USA,0x3694,0x80cc8e0,5,octorock,
DEMO,0x3694,0x80cc464,5,octorock,
JP,0x3694,0x80cc680,5,octorock,
USA,0x36a4,0x80d00cc,5,octorock,
DEMO,0x36a4,0x80cfc50,5,octorock,
JP,0x36a4,0x80cfe6c,5,octorock,
USA,0x36b4,0x80ccb94,5,octorock,
DEMO,0x36b4,0x80cc718,5,octorock,
JP,0x36b4,0x80cc934,5,octorock,
USA,0x36c4,0x80ccd20,5,octorock,
DEMO,0x36c4,0x80cc8a4,5,octorock,
JP,0x36c4,0x80ccac0,5,octorock,
USA,0x36d4,0x812226c,5,octorock,
DEMO,0x36d4,0x8122c78,5,octorock,
JP,0x36d4,0x8121f30,5,octorock,
USA,0x36e4,0x8122334,5,octorock,
DEMO,0x36e4,0x8122d40,5,octorock,
JP,0x36e4,0x8121ff8,5,octorock,
USA,0x36f4,0x81225f4,5,octorock,
DEMO,0x36f4,0x8123000,5,octorock,
JP,0x36f4,0x81222b8,5,octorock,
USA,0x3704,0x80ccfdc,5,octorock,
DEMO,0x3704,0x80ccb60,5,octorock,
JP,0x3704,0x80ccd7c,5,octorock,
USA,0x3714,0x8122764,5,octorock,
DEMO,0x3714,0x8123170,5,octorock,
JP,0x3714,0x8122428,5,octorock,
USA,0x3724,0x80cd070,5,octorock,
DEMO,0x3724,0x80ccbf4,5,octorock,
JP,0x3724,0x80cce10,5,octorock,
USA,0x3734,0x80cd0e0,5,octorock,
DEMO,0x3734,0x80ccc64,5,octorock,
JP,0x3734,0x80cce80,5,octorock,
USA,0x3744,0x8129790,5,octorock,
DEMO,0x3744,0x812a1e0,5,octorock,
JP,0x3744,0x8129454,5,octorock,
USA,0x3754,0x8123208,5,octorock,
DEMO,0x3754,0x8123c14,5,octorock,
JP,0x3754,0x8122ecc,5,octorock,
USA,0x3764,0x80cd220,5,octorock,
DEMO,0x3764,0x80ccda4,5,octorock,
JP,0x3764,0x80ccfc0,5,octorock,
USA,0x3774,0x80cd274,5,octorock,
DEMO,0x3774,0x80ccdf8,5,octorock,
JP,0x3774,0x80cd014,5,octorock,
USA,0x3784,0x80cd2c8,5,octorock,
DEMO,0x3784,0x80cce4c,5,octorock,
JP,0x3784,0x80cd068,5,octorock,
USA,0x3794,0x80cd398,5,octorock,
DEMO,0x3794,0x80ccf1c,5,octorock,
JP,0x3794,0x80cd138,5,octorock,
USA,0x37a4,0x80cd50c,5,octorock,
DEMO,0x37a4,0x80cd090,5,octorock,
JP,0x37a4,0x80cd2ac,5,octorock,
USA,0x37b4,0x80cd5c8,5,octorock,
DEMO,0x37b4,0x80cd14c,5,octorock,
JP,0x37b4,0x80cd368,5,octorock,
USA,0x37c4,0x80cd6d0,5,octorock,
DEMO,0x37c4,0x80cd254,5,octorock,
JP,0x37c4,0x80cd470,5,octorock,
USA,0x37d4,0x80cdc00,5,octorock,
DEMO,0x37d4,0x80cd784,5,octorock,
JP,0x37d4,0x80cd9a0,5,octorock,
USA,0x37e4,0x8120878,5,octorock,
DEMO,0x37e4,0x8121284,5,octorock,
JP,0x37e4,0x812053c,5,octorock,
USA,0x37f4,0x80cdf38,5,octorock,
DEMO,0x37f4,0x80cdabc,5,octorock,
JP,0x37f4,0x80cdcd8,5,octorock,
USA,0x3804,0x80cdfa0,5,octorock,
DEMO,0x3804,0x80cdb24,5,octorock,
JP,0x3804,0x80cdd40,5,octorock,
USA,0x3814,0x80ce050,5,octorock,
DEMO,0x3814,0x80cdbd4,5,octorock,
JP,0x3814,0x80cddf0,5,octorock,
USA,0x3824,0x80ce100,5,octorock,
DEMO,0x3824,0x80cdc84,5,octorock,
JP,0x3824,0x80cdea0,5,octorock,
USA,0x3834,0x81297f8,5,octorock,
DEMO,0x3834,0x812a248,5,octorock,
JP,0x3834,0x81294bc,5,octorock,
USA,0x3844,0x8129894,5,octorock,
DEMO,0x3844,0x812a2e4,5,octorock,
JP,0x3844,0x8129558,5,octorock,
USA,0x3854,0x8129930,5,octorock,
DEMO,0x3854,0x812a380,5,octorock,
JP,0x3854,0x81295f4,5,octorock,
USA,0x3864,0x80ce264,5,octorock,
DEMO,0x3864,0x80cdde8,5,octorock,
JP,0x3864,0x80ce004,5,octorock,
USA,0x3874,0x80ca560,5,octorock,
DEMO,0x3874,0x80ca0e4,5,octorock,
JP,0x3874,0x80ca300,5,octorock,
USA,0x3884,0x80ce50c,5,octorock,
DEMO,0x3884,0x80ce090,5,octorock,
JP,0x3884,0x80ce2ac,5,octorock,
USA,0x3894,0x80ce404,5,octorock,
DEMO,0x3894,0x80cdf88,5,octorock,
JP,0x3894,0x80ce1a4,5,octorock,
USA,0x38a4,0x80cbf78,5,octorock,
DEMO,0x38a4,0x80cbafc,5,octorock,
JP,0x38a4,0x80cbd18,5,octorock,
USA,0x38b4,0x80ce770,5,octorock,
DEMO,0x38b4,0x80ce2f4,5,octorock,
JP,0x38b4,0x80ce510,5,octorock,
USA,0x38c4,0x80cea00,5,octorock,
DEMO,0x38c4,0x80ce584,5,octorock,
JP,0x38c4,0x80ce7a0,5,octorock,
USA,0x38d4,0x80ceb04,5,octorock,
DEMO,0x38d4,0x80ce688,5,octorock,
JP,0x38d4,0x80ce8a4,5,octorock,
USA,0x38e4,0x81234e0,5,octorock,
DEMO,0x38e4,0x8123eec,5,octorock,
JP,0x38e4,0x81231a4,5,octorock,
USA,0x38f4,0x8123728,5,octorock,
DEMO,0x38f4,0x8124134,5,octorock,
JP,0x38f4,0x81233ec,5,octorock,
USA,0x3904,0x80ceb6c,5,octorock,
DEMO,0x3904,0x80ce6f0,5,octorock,
JP,0x3904,0x80ce90c,5,octorock,
USA,0x3914,0x80cebd0,5,octorock,
DEMO,0x3914,0x80ce754,5,octorock,
JP,0x3914,0x80ce970,5,octorock,
USA,0x3924,0x80cec70,5,octorock,
DEMO,0x3924,0x80ce7f4,5,octorock,
JP,0x3924,0x80cea10,5,octorock,
USA,0x3934,0x80cee70,5,octorock,
DEMO,0x3934,0x80ce9f4,5,octorock,
JP,0x3934,0x80cec10,5,octorock,
USA,0x3944,0x80cfed4,5,octorock,
DEMO,0x3944,0x80cfa58,5,octorock,
JP,0x3944,0x80cfc74,5,octorock,
USA,0x3954,0x8129ab0,5,octorock,
DEMO,0x3954,0x812a500,5,octorock,
JP,0x3954,0x8129774,5,octorock,
USA,0x3964,0x8129ab0,5,octorock,
DEMO,0x3964,0x812a500,5,octorock,
JP,0x3964,0x8129774,5,octorock,
USA,0x3974,0x80cef24,5,octorock,
DEMO,0x3974,0x80ceaa8,5,octorock,
JP,0x3974,0x80cecc4,5,octorock,
USA,0x3984,0x8120bbc,5,octorock,
DEMO,0x3984,0x81215c8,5,octorock,
JP,0x3984,0x8120880,5,octorock,
USA,0x3994,0x80cf204,5,octorock,
DEMO,0x3994,0x80ced88,5,octorock,
JP,0x3994,0x80cefa4,5,octorock,
USA,0x39a4,0x8123620,5,octorock,
DEMO,0x39a4,0x812402c,5,octorock,
JP,0x39a4,0x81232e4,5,octorock,
USA,0x39b4,0x8121430,5,octorock,
DEMO,0x39b4,0x8121e3c,5,octorock,
JP,0x39b4,0x81210f4,5,octorock,
USA,0x39c4,0x81237e0,5,octorock,
DEMO,0x39c4,0x81241ec,5,octorock,
JP,0x39c4,0x81234a4,5,octorock,
USA,0x39d4,0x81237e0,5,octorock,
DEMO,0x39d4,0x81241ec,5,octorock,
JP,0x39d4,0x81234a4,5,octorock,
USA,0x39e4,0x812378c,5,octorock,
DEMO,0x39e4,0x8124198,5,octorock,
JP,0x39e4,0x8123450,5,octorock,
USA,0x39f4,0x8123834,5,octorock,
DEMO,0x39f4,0x8124240,5,octorock,
JP,0x39f4,0x81234f8,5,octorock,
JP,0x3a04,0x812035c,5,octorock,
DEMO,0x3a04,0x81210a4,5,octorock,
USA,0x3a04,0x8120698,5,octorock,
JP,0x3a14,0x80cf36c,5,octorock,
DEMO,0x3a14,0x80cf150,5,octorock,
USA,0x3a14,0x80cf5cc,5,octorock,
JP,0x3a24,0x80cf9ac,5,octorock,
DEMO,0x3a24,0x80cf790,5,octorock,
USA,0x3a24,0x80cfc0c,5,octorock,
JP,0x3a34,0x812930c,5,octorock,
DEMO,0x3a34,0x812a098,5,octorock,
USA,0x3a34,0x8129648,5,octorock,
JP,0x3a44,0x8123b3c,5,octorock,
DEMO,0x3a44,0x8124884,5,octorock,
USA,0x3a44,0x8123e78,5,octorock,
JP,0x3a54,0x8123b60,5,octorock,
DEMO,0x3a54,0x81248a8,5,octorock,
USA,0x3a54,0x8123e9c,5,octorock,
JP,0x3a64,0x8129938,5,octorock,
DEMO,0x3a64,0x812a6c4,5,octorock,
USA,0x3a64,0x8129c74,5,octorock,
JP,0x3a74,0x812288c,5,octorock,
DEMO,0x3a74,0x81235d4,5,octorock,
USA,0x3a74,0x8122bc8,5,octorock,
JP,0x3a84,0x8123be4,5,octorock,
DEMO,0x3a84,0x812492c,5,octorock,
USA,0x3a84,0x8123f20,5,octorock,
JP,0x3a94,0x8123c60,5,octorock,
DEMO,0x3a94,0x81249a8,5,octorock,
USA,0x3a94,0x8123f9c,5,octorock,
JP,0x3aa4,0x812a0b8,5,octorock,
DEMO,0x3aa4,0x812ae44,5,octorock,
USA,0x3aa4,0x812a3f4,5,octorock,
JP,0x3ab4,0x812a0d4,5,octorock,
DEMO,0x3ab4,0x812ae60,5,octorock,
USA,0x3ab4,0x812a410,5,octorock,
JP,0x3ac4,0x8123f78,5,octorock,
DEMO,0x3ac4,0x8124cc0,5,octorock,
USA,0x3ac4,0x81242b4,5,octorock,
JP,0x3ad4,0x8123b7c,5,octorock,
DEMO,0x3ad4,0x81248c4,5,octorock,
USA,0x3ad4,0x8123eb8,5,octorock,
JP,0x3ae4,0x81207d4,5,octorock,
DEMO,0x3ae4,0x812151c,5,octorock,
USA,0x3ae4,0x8120b10,5,octorock,
JP,0x3af4,0x8121ff8,5,octorock,
DEMO,0x3af4,0x8122d40,5,octorock,
USA,0x3af4,0x8122334,5,octorock,
JP,0x3b04,0x80d0470,5,octorock,
DEMO,0x3b04,0x80d0254,5,octorock,
USA,0x3b04,0x80d06d0,5,octorock,
JP,0x3b14,0x8121894,5,octorock,
DEMO,0x3b14,0x81225dc,5,octorock,
USA,0x3b14,0x8121bd0,5,octorock,
JP,0x3b24,0x80d0830,5,octorock,
DEMO,0x3b24,0x80d0614,5,octorock,
USA,0x3b24,0x80d0a90,5,octorock,
JP,0x3b34,0x80d12d0,5,octorock,
DEMO,0x3b34,0x80d10b4,5,octorock,
USA,0x3b34,0x80d1530,5,octorock,
JP,0x3b44,0x80d0f4c,5,octorock,
DEMO,0x3b44,0x80d0d30,5,octorock,
USA,0x3b44,0x80d11ac,5,octorock,
JP,0x3b54,0x81245ec,5,octorock,
DEMO,0x3b54,0x8125334,5,octorock,
USA,0x3b54,0x8124928,5,octorock,
JP,0x3b64,0x80d1be4,5,octorock,
DEMO,0x3b64,0x80d19c8,5,octorock,
USA,0x3b64,0x80d1e44,5,octorock,
JP,0x3b74,0x812a604,5,octorock,
DEMO,0x3b74,0x812b390,5,octorock,
USA,0x3b74,0x812a940,5,octorock,
JP,0x3b84,0x80d0f4c,5,octorock,
DEMO,0x3b84,0x80d0d30,5,octorock,
USA,0x3b84,0x80d11ac,5,octorock,
JP,0x3b94,0x80cdc64,5,octorock,
DEMO,0x3b94,0x80cda48,5,octorock,
USA,0x3b94,0x80cdec4,5,octorock,
JP,0x3ba4,0x81248c0,5,octorock,
DEMO,0x3ba4,0x8125608,5,octorock,
USA,0x3ba4,0x8124bfc,5,octorock,
JP,0x3bb4,0x81248c0,5,octorock,
DEMO,0x3bb4,0x8125608,5,octorock,
USA,0x3bb4,0x8124bfc,5,octorock,
JP,0x3bc4,0x8124310,5,octorock,
DEMO,0x3bc4,0x8125058,5,octorock,
USA,0x3bc4,0x812464c,5,octorock,
JP,0x3bd4,0x812438c,5,octorock,
DEMO,0x3bd4,0x81250d4,5,octorock,
USA,0x3bd4,0x81246c8,5,octorock,
JP,0x3be4,0x812a298,5,octorock,
DEMO,0x3be4,0x812b024,5,octorock,
USA,0x3be4,0x812a5d4,5,octorock,
JP,0x3bf4,0x812a358,5,octorock,
DEMO,0x3bf4,0x812b0e4,5,octorock,
USA,0x3bf4,0x812a694,5,octorock,
JP,0x3c04,0x812a14c,5,octorock,
DEMO,0x3c04,0x812aed8,5,octorock,
USA,0x3c04,0x812a488,5,octorock,
JP,0x3c14,0x80d1530,5,octorock,
DEMO,0x3c14,0x80d1314,5,octorock,
USA,0x3c14,0x80d1790,5,octorock,
JP,0x3c24,0x80d1ad4,5,octorock,
DEMO,0x3c24,0x80d18b8,5,octorock,
USA,0x3c24,0x80d1d34,5,octorock,
JP,0x3c34,0x812400c,5,octorock,
DEMO,0x3c34,0x8124d54,5,octorock,
USA,0x3c34,0x8124348,5,octorock,
JP,0x3c44,0x80d1758,5,octorock,
DEMO,0x3c44,0x80d153c,5,octorock,
USA,0x3c44,0x80d19b8,5,octorock,
JP,0x3c54,0x80d0ae0,5,octorock,
DEMO,0x3c54,0x80d08c4,5,octorock,
USA,0x3c54,0x80d0d40,5,octorock,
JP,0x3c64,0x80d0b50,5,octorock,
DEMO,0x3c64,0x80d0934,5,octorock,
USA,0x3c64,0x80d0db0,5,octorock,
JP,0x3c74,0x81244e0,5,octorock,
DEMO,0x3c74,0x8125228,5,octorock,
USA,0x3c74,0x812481c,5,octorock,
JP,0x3c84,0x80d15fc,5,octorock,
DEMO,0x3c84,0x80d13e0,5,octorock,
USA,0x3c84,0x80d185c,5,octorock,
JP,0x3c94,0x812a45c,5,octorock,
DEMO,0x3c94,0x812b1e8,5,octorock,
USA,0x3c94,0x812a798,5,octorock,
JP,0x3ca4,0x8122b94,5,octorock,
DEMO,0x3ca4,0x81238dc,5,octorock,
USA,0x3ca4,0x8122ed0,5,octorock,
JP,0x3cb4,0x8112d34,5,octorock,
DEMO,0x3cb4,0x8112bf4,5,octorock,
USA,0x3cb4,0x8113070,5,octorock,
JP,0x3cc4,0x8124554,5,octorock,
DEMO,0x3cc4,0x812529c,5,octorock,
USA,0x3cc4,0x8124890,5,octorock,
JP,0x3cd4,0x812a714,5,octorock,
DEMO,0x3cd4,0x812b4a0,5,octorock,
USA,0x3cd4,0x812aa50,5,octorock,
JP,0x3ce4,0x8113f6c,5,octorock,
DEMO,0x3ce4,0x8113e2c,5,octorock,
USA,0x3ce4,0x81142a8,5,octorock,
JP,0x3cf4,0x8122e04,5,octorock,
DEMO,0x3cf4,0x8123b4c,5,octorock,
USA,0x3cf4,0x8123140,5,octorock,
JP,0x3d04,0x8124670,5,octorock,
DEMO,0x3d04,0x81253b8,5,octorock,
USA,0x3d04,0x81249ac,5,octorock,
JP,0x3d14,0x81246c0,5,octorock,
DEMO,0x3d14,0x8125408,5,octorock,
USA,0x3d14,0x81249fc,5,octorock,
JP,0x3d24,0x80d2548,5,octorock,
DEMO,0x3d24,0x80d232c,5,octorock,
USA,0x3d24,0x80d27a8,5,octorock,
JP,0x3d34,0x80d2014,5,octorock,
DEMO,0x3d34,0x80d1df8,5,octorock,
USA,0x3d34,0x80d2274,5,octorock,
JP,0x3d44,0x80d1cc0,5,octorock,
DEMO,0x3d44,0x80d1aa4,5,octorock,
USA,0x3d44,0x80d1f20,5,octorock,
JP,0x3d54,0x81141a0,5,octorock,
DEMO,0x3d54,0x8114060,5,octorock,
USA,0x3d54,0x81144dc,5,octorock,
JP,0x3d64,0x80d2700,5,octorock,
DEMO,0x3d64,0x80d24e4,5,octorock,
USA,0x3d64,0x80d2960,5,octorock,
JP,0x3d74,0x812a504,5,octorock,
DEMO,0x3d74,0x812b290,5,octorock,
USA,0x3d74,0x812a840,5,octorock,
JP,0x3d84,0x8122e24,5,octorock,
DEMO,0x3d84,0x8123b6c,5,octorock,
USA,0x3d84,0x8123160,5,octorock,
JP,0x3d94,0x8124d40,5,octorock,
DEMO,0x3d94,0x8125a88,5,octorock,
USA,0x3d94,0x812507c,5,octorock,
JP,0x3da4,0x80cc680,5,octorock,
DEMO,0x3da4,0x80cc464,5,octorock,
USA,0x3da4,0x80cc8e0,5,octorock,
JP,0x3db4,0x80cfe6c,5,octorock,
DEMO,0x3db4,0x80cfc50,5,octorock,
USA,0x3db4,0x80d00cc,5,octorock,
JP,0x3dc4,0x8129718,5,octorock,
DEMO,0x3dc4,0x812a4a4,5,octorock,
USA,0x3dc4,0x8129a54,5,octorock,
JP,0x3dd4,0x80fdc88,5,octorock,
DEMO,0x3dd4,0x80fdb5c,5,octorock,
USA,0x3dd4,0x80fdfd8,5,octorock,
JP,0x3dd8,0x811b23c,5,octorock,
DEMO,0x3dd8,0x811b0fc,5,octorock,
USA,0x3dd8,0x811b578,5,octorock,
JP,0x3ddc,0x82e6520,5,octorock,
DEMO,0x3ddc,0x82e7324,5,octorock,
USA,0x3ddc,0x82e68f4,5,octorock,
JP,0x3de4,0x80fdc88,5,octorock,
DEMO,0x3de4,0x80fdb5c,5,octorock,
USA,0x3de4,0x80fdfd8,5,octorock,
JP,0x3df4,0x80fdc88,5,octorock,
DEMO,0x3df4,0x80fdb5c,5,octorock,
USA,0x3df4,0x80fdfd8,5,octorock,
JP,0x3e04,0x8121b14,5,octorock,
DEMO,0x3e04,0x812285c,5,octorock,
USA,0x3e04,0x8121e50,5,octorock,
JP,0x3e14,0x812444c,5,octorock,
DEMO,0x3e14,0x8125194,5,octorock,
USA,0x3e14,0x8124788,5,octorock,
JP,0x3e24,0x8122828,5,octorock,
DEMO,0x3e24,0x8123570,5,octorock,
USA,0x3e24,0x8122b64,5,octorock,
JP,0x3e34,0x8110490,5,octorock,
DEMO,0x3e34,0x8110350,5,octorock,
USA,0x3e34,0x81107cc,5,octorock,
JP,0x3e38,0x811b604,5,octorock,
DEMO,0x3e38,0x811b4c4,5,octorock,
USA,0x3e38,0x811b940,5,octorock,
JP,0x3e3c,0x82f2420,5,octorock,
DEMO,0x3e3c,0x82f3224,5,octorock,
USA,0x3e3c,0x82f27f4,5,octorock,
DEMO,0x4698,0x80c8f64,5,octorock,
JP,0x4698,0x80c9180,5,octorock,
USA,0x4698,0x80c93e0,5,octorock,
DEMO,0x8b78,0x807eee9,5,octorock,
JP,0x8b78,0x807f111,5,octorock,
USA,0x8b78,0x807f2d5,5,octorock,
DEMO,0x8b7e,0x806bb09,1,octorock,
JP,0x8b7e,0x806b9f1,1,octorock,
USA,0x8b7e,0x806bbb1,1,octorock,
JP,0x8bac,0x807f111,4,octorock,
DEMO,0x8bac,0x807eee9,4,octorock,
USA,0x8bac,0x807f2d5,4,octorock,
JP,0x8be0,0x807f111,4,octorock,
DEMO,0x8be0,0x807eee9,4,octorock,
USA,0x8be0,0x807f2d5,4,octorock,
JP,0x8be8,0x806b875,4,octorock,
DEMO,0x8be8,0x806b98d,4,octorock,
USA,0x8be8,0x806ba35,4,octorock,
JP,0x8bf4,0x806b95d,4,octorock,
DEMO,0x8bf4,0x806ba75,4,octorock,
USA,0x8bf4,0x806bb1d,4,octorock,
JP,0x8bfe,0x807f111,4,octorock,
DEMO,0x8bfe,0x807eee9,4,octorock,
USA,0x8bfe,0x807f2d5,4,octorock,
JP,0x8c04,0x806b95d,4,octorock,
DEMO,0x8c04,0x806ba75,4,octorock,
USA,0x8c04,0x806bb1d,4,octorock,
JP,0x8c0e,0x806b9bd,4,octorock,
DEMO,0x8c0e,0x806bad5,4,octorock,
USA,0x8c0e,0x806bb7d,4,octorock,
JP,0x8c1e,0x80d6524,4,octorock,
DEMO,0x8c1e,0x80d6308,4,octorock,
USA,0x8c1e,0x80d6784,4,octorock,
JP,0x8c3c,0x807f111,4,octorock,
DEMO,0x8c3c,0x807eee9,4,octorock,
USA,0x8c3c,0x807f2d5,4,octorock,
JP,0x8c94,0x8064b49,4,octorock,
DEMO,0x8c94,0x8064c61,4,octorock,
USA,0x8c94,0x8064d09,4,octorock,
JP,0x8ca0,0x8064b51,4,octorock,
DEMO,0x8ca0,0x8064c69,4,octorock,
USA,0x8ca0,0x8064d11,4,octorock,
JP,0x8c4c,0x807f111,5,octorock,
DEMO,0x8c4c,0x807eee9,5,octorock,
USA,0x8c4c,0x807f2d5,5,octorock,
USA,0x8cb2,0x8064d09,4,octorock,
DEMO,0x8cb2,0x8064c61,4,octorock,
JP,0x8cb2,0x8064b49,4,octorock,
USA,0x8cbe,0x8064d11,4,octorock,
DEMO,0x8cbe,0x8064c69,4,octorock,
JP,0x8cbe,0x8064b51,4,octorock,
USA,0x8b44,0x80c9160,4,octorock,
DEMO,0x8b44,0x80c8ce4,4,octorock,
JP,0x8b44,0x80c8f00,4,octorock,
USA,0x8d10,0x8064d09,4,octorock,
DEMO,0x8d10,0x8064c61,4,octorock,
JP,0x8d10,0x8064b49,4,octorock,
USA,0x8d1c,0x8064d11,4,octorock,
DEMO,0x8d1c,0x8064c69,4,octorock,
JP,0x8d1c,0x8064b51,4,octorock,
USA,0x8d2e,0x8064d09,4,octorock,
DEMO,0x8d2e,0x8064c61,4,octorock,
JP,0x8d2e,0x8064b49,4,octorock,
USA,0x8d3a,0x8064d11,4,octorock,
DEMO,0x8d3a,0x8064c69,4,octorock,
JP,0x8d3a,0x8064b51,4,octorock,
USA,0x8d90,0x8061fd9,4,octorock,
DEMO,0x8d90,0x8061f31,4,octorock,
JP,0x8d90,0x8061e19,4,octorock,
USA,0x8d96,0x8061e71,4,octorock,
DEMO,0x8d96,0x8061dc9,4,octorock,
JP,0x8d96,0x8061cb1,4,octorock,
USA,0x8dac,0x8061fd9,4,octorock,
DEMO,0x8dac,0x8061f31,4,octorock,
JP,0x8dac,0x8061e19,4,octorock,
USA,0x8db2,0x8062049,4,octorock,
DEMO,0x8db2,0x8061fa1,4,octorock,
JP,0x8db2,0x8061e89,4,octorock,
USA,0x8dce,0x807f3d9,4,octorock,
DEMO,0x8dce,0x807efed,4,octorock,
JP,0x8dce,0x807f215,4,octorock,
USA,0x8de4,0x807f3d9,4,octorock,
DEMO,0x8de4,0x807efed,4,octorock,
JP,0x8de4,0x807f215,4,octorock,
USA,0x8dee,0x80643d9,4,octorock,
DEMO,0x8dee,0x8064331,4,octorock,
JP,0x8dee,0x8064219,4,octorock,
USA,0x8dfc,0x807f3d9,4,octorock,
DEMO,0x8dfc,0x807efed,4,octorock,
JP,0x8dfc,0x807f215,4,octorock,
USA,0x8e22,0x807f9a5,4,octorock,
DEMO,0x8e22,0x807f5b9,4,octorock,
JP,0x8e22,0x807f7e1,4,octorock,
USA,0x8e28,0x807df29,4,octorock,
DEMO,0x8e28,0x807db3d,4,octorock,
JP,0x8e28,0x807dd65,4,octorock,
USA,0x8f42,0x807f421,4,octorock,
DEMO,0x8f42,0x807f035,4,octorock,
JP,0x8f42,0x807f25d,4,octorock,
USA,0x8f60,0x806dcc1,4,octorock,
DEMO,0x8f60,0x806dc19,4,octorock,
JP,0x8f60,0x806dafd,4,octorock,
USA,0x8f66,0x807df51,4,octorock,
DEMO,0x8f66,0x807db65,4,octorock,
JP,0x8f66,0x807dd8d,4,octorock,
USA,0x8fb8,0x80791bd,4,octorock,
DEMO,0x8fb8,0x8079115,4,octorock,
JP,0x8fb8,0x8078ff9,4,octorock,
USA,0x8fc8,0x807f919,4,octorock,
DEMO,0x8fc8,0x807f52d,4,octorock,
JP,0x8fc8,0x807f755,4,octorock,
USA,0x8fd6,0x807f239,4,octorock,
DEMO,0x8fd6,0x807ee4d,4,octorock,
JP,0x8fd6,0x807f075,4,octorock,
USA,0x8fe0,0x807f305,4,octorock,
DEMO,0x8fe0,0x807ef19,4,octorock,
JP,0x8fe0,0x807f141,4,octorock,
USA,0x8ff4,0x80791bd,4,octorock,
DEMO,0x8ff4,0x8079115,4,octorock,
JP,0x8ff4,0x8078ff9,4,octorock,
USA,0x9084,0x807f349,4,octorock,
DEMO,0x9084,0x807ef5d,4,octorock,
JP,0x9084,0x807f185,4,octorock,
USA,0x9188,0x806673d,4,octorock,
DEMO,0x9188,0x8066695,4,octorock,
JP,0x9188,0x806657d,4,octorock,
USA,0x919c,0x807f349,4,octorock,
DEMO,0x919c,0x807ef5d,4,octorock,
JP,0x919c,0x807f185,4,octorock,
USA,0x9280,0x80668f1,4,octorock,
DEMO,0x9280,0x8066849,4,octorock,
JP,0x9280,0x8066731,4,octorock,
USA,0x9296,0x8066905,4,octorock,
DEMO,0x9296,0x806685d,4,octorock,
JP,0x9296,0x8066745,4,octorock,
USA,0x92e0,0x806672d,4,octorock,
DEMO,0x92e0,0x8066685,4,octorock,
JP,0x92e0,0x806656d,4,octorock,
USA,0x92f8,0x8066e39,4,octorock,
DEMO,0x92f8,0x8066d91,4,octorock,
JP,0x92f8,0x8066c79,4,octorock,
USA,0x9324,0x806d651,4,octorock,
DEMO,0x9324,0x806d5a9,4,octorock,
JP,0x9324,0x806d48d,4,octorock,
USA,0x9358,0x807df29,4,octorock,
DEMO,0x9358,0x807db3d,4,octorock,
JP,0x9358,0x807dd65,4,octorock,
USA,0x935e,0x806d639,4,octorock,
DEMO,0x935e,0x806d591,4,octorock,
JP,0x935e,0x806d475,4,octorock,
JP,0x937a,0x806d47d,4,octorock,
DEMO,0x937a,0x806d599,4,octorock,
USA,0x937a,0x806d641,4,octorock,
JP,0x9390,0x807dd8d,4,octorock,
DEMO,0x9390,0x807db65,4,octorock,
USA,0x9390,0x807df51,4,octorock,
JP,0x93c6,0x806d5c5,4,octorock,
USA,0x93c6,0x806d789,4,octorock,
DEMO,0x93c6,0x806d6e1,4,octorock,
JP,0x93d2,0x806d549,4,octorock,
USA,0x93d2,0x806d70d,4,octorock,
DEMO,0x93d2,0x806d665,4,octorock,
JP,0x940e,0x806d50d,4,octorock,
USA,0x940e,0x806d6d1,4,octorock,
DEMO,0x940e,0x806d629,4,octorock,
JP,0x9404,0x80f98f0,4,octorock,
USA,0x9404,0x80f9c38,4,octorock,
DEMO,0x9404,0x80f97bc,4,octorock,
JP,0x9418,0x806d549,4,octorock,
USA,0x9418,0x806d70d,4,octorock,
DEMO,0x9418,0x806d665,4,octorock,
JP,0x942a,0x806d411,4,octorock,
USA,0x942a,0x806d5d5,4,octorock,
DEMO,0x942a,0x806d52d,4,octorock,
JP,0x9440,0x806d43d,4,octorock,
USA,0x9440,0x806d601,4,octorock,
DEMO,0x9440,0x806d559,4,octorock,
JP,0x945a,0x806d589,4,octorock,
USA,0x945a,0x806d74d,4,octorock,
DEMO,0x945a,0x806d6a5,4,octorock,
JP,0x947a,0x806d549,4,octorock,
USA,0x947a,0x806d70d,4,octorock,
DEMO,0x947a,0x806d665,4,octorock,
JP,0x9470,0x80f9910,4,octorock,
USA,0x9470,0x80f9c58,4,octorock,
DEMO,0x9470,0x80f97dc,4,octorock,
JP,0x9488,0x806d45d,4,octorock,
USA,0x9488,0x806d621,4,octorock,
DEMO,0x9488,0x806d579,4,octorock,
JP,0x94a8,0x806d601,4,octorock,
USA,0x94a8,0x806d7c5,4,octorock,
DEMO,0x94a8,0x806d71d,4,octorock,
JP,0x94d0,0x806d641,4,octorock,
USA,0x94d0,0x806d805,4,octorock,
DEMO,0x94d0,0x806d75d,4,octorock,
JP,0x94e6,0x806d695,4,octorock,
USA,0x94e6,0x806d859,4,octorock,
DEMO,0x94e6,0x806d7b1,4,octorock,
JP,0x9500,0x8066f41,4,octorock,
USA,0x9500,0x8067101,4,octorock,
DEMO,0x9500,0x8067059,4,octorock,
USA,0x9522,0x80670b5,4,octorock,
DEMO,0x9522,0x806700d,4,octorock,
JP,0x9522,0x8066ef5,4,octorock,
USA,0x953c,0x8067101,4,octorock,
DEMO,0x953c,0x8067059,4,octorock,
JP,0x953c,0x8066f41,4,octorock,
USA,0x955e,0x80670e5,4,octorock,
DEMO,0x955e,0x806703d,4,octorock,
JP,0x955e,0x8066f25,4,octorock,
USA,0x9578,0x8067315,4,octorock,
DEMO,0x9578,0x806726d,4,octorock,
JP,0x9578,0x8067155,4,octorock,
USA,0x958c,0x80672b1,5,octorock,
DEMO,0x958c,0x8067209,5,octorock,
JP,0x958c,0x80670f1,5,octorock,
USA,0x95aa,0x80672c9,4,octorock,
DEMO,0x95aa,0x8067221,4,octorock,
JP,0x95aa,0x8067109,4,octorock,
USA,0x95a4,0x80672b1,4,octorock,
DEMO,0x95a4,0x8067209,4,octorock,
JP,0x95a4,0x80670f1,4,octorock,
USA,0x95c2,0x80672b1,4,octorock,
DEMO,0x95c2,0x8067209,4,octorock,
JP,0x95c2,0x80670f1,4,octorock,
USA,0x95d0,0x806be3d,4,octorock,
DEMO,0x95d0,0x806bd95,4,octorock,
JP,0x95d0,0x806bc7d,4,octorock,
USA,0x95e0,0x806bf45,4,octorock,
DEMO,0x95e0,0x806be9d,4,octorock,
JP,0x95e0,0x806bd85,4,octorock,
USA,0x9602,0x806be85,4,octorock,
DEMO,0x9602,0x806bddd,4,octorock,
JP,0x9602,0x806bcc5,4,octorock,
USA,0x9648,0x806bf45,4,octorock,
DEMO,0x9648,0x806be9d,4,octorock,
JP,0x9648,0x806bd85,4,octorock,
USA,0x9654,0x806be3d,4,octorock,
DEMO,0x9654,0x806bd95,4,octorock,
JP,0x9654,0x806bc7d,4,octorock,
USA,0x9670,0x806bec9,4,octorock,
DEMO,0x9670,0x806be21,4,octorock,
JP,0x9670,0x806bd09,4,octorock,
USA,0x968a,0x806befd,4,octorock,
DEMO,0x968a,0x806be55,4,octorock,
JP,0x968a,0x806bd3d,4,octorock,
USA,0x96bc,0x807f9a5,4,octorock,
DEMO,0x96bc,0x807f5b9,4,octorock,
JP,0x96bc,0x807f7e1,4,octorock,
USA,0x96c2,0x807df29,4,octorock,
DEMO,0x96c2,0x807db3d,4,octorock,
JP,0x96c2,0x807dd65,4,octorock,
USA,0x96dc,0x80d9048,4,octorock,
DEMO,0x96dc,0x80d8bcc,4,octorock,
JP,0x96dc,0x80d8de8,4,octorock,
USA,0x96f6,0x807df51,4,octorock,
DEMO,0x96f6,0x807db65,4,octorock,
JP,0x96f6,0x807dd8d,4,octorock,
USA,0x96fe,0x808692d,4,octorock,
DEMO,0x96fe,0x8086541,4,octorock,
JP,0x96fe,0x808674d,4,octorock,
USA,0x973a,0x80791bd,4,octorock,
DEMO,0x973a,0x8079115,4,octorock,
JP,0x973a,0x8078ff9,4,octorock,
USA,0x9744,0x8065d01,4,octorock,
DEMO,0x9744,0x8065c59,4,octorock,
JP,0x9744,0x8065b41,4,octorock,
USA,0x976a,0x8065f65,4,octorock,
DEMO,0x976a,0x8065ebd,4,octorock,
JP,0x976a,0x8065da5,4,octorock,
USA,0x977c,0x807f9a5,4,octorock,
DEMO,0x977c,0x807f5b9,4,octorock,
JP,0x977c,0x807f7e1,4,octorock,
USA,0x978c,0x807f40d,4,octorock,
DEMO,0x978c,0x807f021,4,octorock,
JP,0x978c,0x807f249,4,octorock,
USA,0x9782,0x807df29,4,octorock,
DEMO,0x9782,0x807db3d,4,octorock,
JP,0x9782,0x807dd65,4,octorock,
USA,0x97e4,0x807df51,4,octorock,
DEMO,0x97e4,0x807db65,4,octorock,
JP,0x97e4,0x807dd8d,4,octorock,
USA,0x9800,0x807f349,4,octorock,
DEMO,0x9800,0x807ef5d,4,octorock,
JP,0x9800,0x807f185,4,octorock,
USA,0x9812,0x807f1a1,4,octorock,
DEMO,0x9812,0x807edb5,4,octorock,
JP,0x9812,0x807efdd,4,octorock,
USA,0x982a,0x807fbd5,4,octorock,
DEMO,0x982a,0x807f7e9,4,octorock,
JP,0x982a,0x807fa11,4,octorock,
USA,0x9848,0x807f349,4,octorock,
DEMO,0x9848,0x807ef5d,4,octorock,
JP,0x9848,0x807f185,4,octorock,
USA,0x9866,0x807fbd5,4,octorock,
DEMO,0x9866,0x807f7e9,4,octorock,
JP,0x9866,0x807fa11,4,octorock,
USA,0x9856,0x809e0a1,4,octorock,
DEMO,0x9856,0x809dcb5,4,octorock,
JP,0x9856,0x809de69,4,octorock,
USA,0x985c,0x809e0d5,4,octorock,
DEMO,0x985c,0x809dce9,4,octorock,
JP,0x985c,0x809de9d,4,octorock,
USA,0x988a,0x807f36d,4,octorock,
DEMO,0x988a,0x807ef81,4,octorock,
JP,0x988a,0x807f1a9,4,octorock,
USA,0x9898,0x807f1e9,4,octorock,
DEMO,0x9898,0x807edfd,4,octorock,
JP,0x9898,0x807f025,4,octorock,
USA,0x98b6,0x807f211,4,octorock,
DEMO,0x98b6,0x807ee25,4,octorock,
JP,0x98b6,0x807f04d,4,octorock,
USA,0x98cc,0x80791bd,4,octorock,
DEMO,0x98cc,0x8079115,4,octorock,
JP,0x98cc,0x8078ff9,4,octorock,
USA,0x98f8,0x807f9a5,4,octorock,
DEMO,0x98f8,0x807f5b9,4,octorock,
JP,0x98f8,0x807f7e1,4,octorock,
USA,0x98fe,0x807df29,4,octorock,
DEMO,0x98fe,0x807db3d,4,octorock,
JP,0x98fe,0x807dd65,4,octorock,
USA,0x990a,0x807df51,4,octorock,
DEMO,0x990a,0x807db65,4,octorock,
JP,0x990a,0x807dd8d,4,octorock,
USA,0x991c,0x807df29,4,octorock,
DEMO,0x991c,0x807db3d,4,octorock,
JP,0x991c,0x807dd65,4,octorock,
USA,0x9942,0x807df51,4,octorock,
DEMO,0x9942,0x807db65,4,octorock,
JP,0x9942,0x807dd8d,4,octorock,
USA,0x994a,0x807921d,4,octorock,
DEMO,0x994a,0x8079175,4,octorock,
JP,0x994a,0x8079059,4,octorock,
USA,0x9954,0x807f349,4,octorock,
DEMO,0x9954,0x807ef5d,4,octorock,
JP,0x9954,0x807f185,4,octorock,
USA,0x99d6,0x8053635,4,octorock,
DEMO,0x99d6,0x80535a5,4,octorock,
JP,0x99d6,0x80534b9,4,octorock,
USA,0x99e0,0x807f349,4,octorock,
DEMO,0x99e0,0x807ef5d,4,octorock,
JP,0x99e0,0x807f185,4,octorock,
USA,0x9a3a,0x8066259,4,octorock,
DEMO,0x9a3a,0x80661b1,4,octorock,
JP,0x9a3a,0x8066099,4,octorock,
USA,0x9a44,0x8066259,4,octorock,
DEMO,0x9a44,0x80661b1,4,octorock,
JP,0x9a44,0x8066099,4,octorock,
USA,0x9a78,0x8053649,4,octorock,
DEMO,0x9a78,0x80535b9,4,octorock,
JP,0x9a78,0x80534cd,4,octorock,
USA,0x9b28,0x805367d,4,octorock,
DEMO,0x9b28,0x80535ed,4,octorock,
JP,0x9b28,0x8053501,4,octorock,
USA,0x9b34,0x807df29,4,octorock,
DEMO,0x9b34,0x807db3d,4,octorock,
JP,0x9b34,0x807dd65,4,octorock,
USA,0x9b52,0x807529d,4,octorock,
DEMO,0x9b52,0x80751f5,4,octorock,
JP,0x9b52,0x80750d9,4,octorock,
USA,0x9b64,0x8053251,4,octorock,
DEMO,0x9b64,0x80531c1,4,octorock,
JP,0x9b64,0x80530d5,4,octorock,
USA,0x9b6c,0x807df51,4,octorock,
DEMO,0x9b6c,0x807db65,4,octorock,
JP,0x9b6c,0x807dd8d,4,octorock,
USA,0x9b72,0x80791d1,4,octorock,
DEMO,0x9b72,0x8079129,4,octorock,
JP,0x9b72,0x807900d,4,octorock,
USA,0x9b86,0x807f349,4,octorock,
DEMO,0x9b86,0x807ef5d,4,octorock,
JP,0x9b86,0x807f185,4,octorock,
USA,0x9ba4,0x807df29,4,octorock,
DEMO,0x9ba4,0x807db3d,4,octorock,
JP,0x9ba4,0x807dd65,4,octorock,
USA,0x9c2a,0x8053251,4,octorock,
DEMO,0x9c2a,0x80531c1,4,octorock,
JP,0x9c2a,0x80530d5,4,octorock,
USA,0x9c74,0x807f349,4,octorock,
DEMO,0x9c74,0x807ef5d,4,octorock,
JP,0x9c74,0x807f185,4,octorock,
USA,0x9cda,0x80536a9,4,octorock,
DEMO,0x9cda,0x8053619,4,octorock,
JP,0x9cda,0x805352d,4,octorock,
USA,0x9cea,0x807df51,4,octorock,
DEMO,0x9cea,0x807db65,4,octorock,
JP,0x9cea,0x807dd8d,4,octorock,
USA,0x9cf0,0x80791d1,4,octorock,
DEMO,0x9cf0,0x8079129,4,octorock,
JP,0x9cf0,0x807900d,4,octorock,
